STUDENT ID,1,2,3,4,5,6,7,8,9,10,11,12,13,14,15,16,17,18,19,20,21,22,23,24,25,26,27,28,29,30,COURSE ID,GRADE
STUDENT1,2,2,3,3,1,2,2,1,1,1,1,2,3,1,2,5,3,2,2,1,1,1,1,1,3,2,1,2,1,1,1,1
STUDENT2,2,2,3,3,1,2,2,1,1,1,2,3,2,1,2,1,2,2,2,1,1,1,1,1,3,2,3,2,2,3,1,1
STUDENT3,2,2,2,3,2,2,2,2,4,2,2,2,2,1,2,1,2,1,2,1,1,1,1,1,2,2,1,1,2,2,1,1
STUDENT4,1,1,1,3,1,2,1,2,1,2,1,2,5,1,2,1,3,1,2,1,1,1,1,2,3,2,2,1,3,2,1,1
STUDENT5,2,2,1,3,2,2,1,3,1,4,3,3,2,1,2,4,2,1,1,1,1,1,2,1,2,2,2,1,2,2,1,1
STUDENT6,2,2,2,3,2,2,2,2,1,1,3,3,2,1,2,3,1,1,2,1,1,1,1,1,1,2,1,2,4,4,1,2
STUDENT7,1,2,2,4,2,2,2,1,1,3,1,3,1,1,2,4,2,2,2,2,1,2,1,1,3,3,3,3,4,4,1,5
STUDENT8,1,1,2,3,1,1,1,2,2,3,4,3,1,1,4,3,1,2,2,1,1,1,3,1,3,2,2,1,1,1,1,2
STUDENT9,2,1,3,3,2,1,1,1,1,3,2,4,2,1,2,4,1,2,2,1,1,1,1,1,3,2,2,2,4,3,1,5
STUDENT10,2,1,2,3,2,2,1,3,4,2,1,2,3,1,2,3,2,2,2,1,1,2,1,1,2,2,2,2,1,2,1,0
STUDENT11,1,1,1,3,2,2,2,3,2,3,3,4,2,1,3,2,1,1,1,1,1,2,1,1,2,2,2,2,1,1,1,2
STUDENT12,1,1,1,4,1,1,2,4,2,3,5,5,1,1,3,2,3,3,3,1,3,1,3,2,3,1,3,3,4,3,1,0
STUDENT13,1,1,1,4,2,2,2,1,1,1,3,5,4,2,2,2,3,2,2,1,1,1,1,1,2,2,2,3,4,2,1,0
STUDENT14,2,1,2,5,2,2,2,1,1,1,2,2,2,1,2,3,1,2,1,1,1,2,1,1,3,2,3,3,4,2,1,1
STUDENT15,3,2,2,4,1,1,2,3,4,2,3,1,2,1,4,1,2,2,2,1,1,1,1,1,2,3,2,1,4,4,1,2
STUDENT16,2,2,2,3,2,2,2,1,1,2,4,4,2,1,3,1,2,2,2,2,3,2,1,1,3,2,2,3,2,2,1,2
STUDENT17,1,1,2,5,2,1,2,1,1,1,2,2,4,1,2,3,2,2,2,1,1,2,1,1,3,2,3,3,4,3,1,1
STUDENT18,2,2,2,3,2,2,2,1,1,1,2,2,2,1,2,1,2,2,2,2,1,2,1,1,2,2,2,2,2,2,1,2
STUDENT19,1,1,2,4,2,2,2,3,1,1,2,2,5,1,2,5,5,3,2,2,1,2,1,1,3,1,3,3,3,3,1,2
STUDENT20,1,2,1,3,2,2,1,2,2,2,3,3,3,1,2,4,4,2,2,1,2,1,1,1,3,2,2,3,2,3,1,3
STUDENT21,1,2,2,5,1,2,1,1,4,2,3,3,3,2,2,3,4,2,2,2,1,1,1,2,3,1,2,3,4,4,1,1
STUDENT22,1,2,2,5,2,2,1,1,4,2,2,2,4,1,2,3,3,2,2,1,1,1,1,1,3,1,3,3,3,3,1,1
STUDENT23,2,2,2,3,1,2,1,1,1,1,1,1,4,2,2,4,3,3,3,1,1,1,1,2,3,1,2,3,3,3,1,3
STUDENT24,3,2,2,2,1,1,2,5,1,1,1,4,3,1,2,1,3,2,3,1,1,2,1,1,3,2,3,3,3,3,1,1
STUDENT25,2,2,2,3,2,2,2,2,1,1,3,1,3,1,2,4,1,2,2,1,1,1,1,1,2,1,3,2,4,4,1,2
STUDENT26,2,2,2,3,2,2,1,1,1,2,1,4,3,1,2,4,2,2,2,1,1,1,1,1,2,1,3,2,1,2,1,3
STUDENT27,2,2,2,3,2,1,1,1,1,1,4,4,4,1,2,4,2,3,2,1,1,1,1,1,3,3,3,2,2,1,1,1
STUDENT28,1,2,1,3,1,2,2,1,1,1,1,1,4,1,2,3,3,2,2,1,1,2,1,1,3,1,2,1,2,1,1,1
STUDENT29,3,2,2,3,2,2,1,1,4,2,2,2,4,1,2,1,2,2,2,1,1,1,1,1,3,2,3,3,5,4,1,3
STUDENT30,2,2,3,4,2,2,2,1,4,2,3,3,2,1,4,1,2,2,2,1,1,1,1,1,3,2,2,2,4,3,1,5
STUDENT31,2,2,2,5,1,1,1,1,1,2,1,1,5,1,2,4,2,2,2,1,1,1,2,1,2,3,3,3,5,4,1,5
STUDENT32,3,2,2,3,1,2,2,1,1,2,1,2,4,1,2,3,2,2,3,1,1,1,1,1,3,3,2,3,4,3,1,3
STUDENT33,2,1,2,3,2,2,2,2,1,1,2,2,2,1,2,1,2,2,2,1,1,2,1,1,2,2,2,1,2,3,1,1
STUDENT34,2,1,2,3,1,2,1,1,1,1,1,2,5,1,2,3,2,1,2,1,1,1,1,1,1,3,2,2,2,3,1,2
STUDENT35,1,2,1,3,2,2,1,2,1,1,3,3,3,1,2,4,2,1,1,1,1,2,1,1,2,2,3,1,4,1,1,2
STUDENT36,1,2,1,4,2,2,2,3,1,1,1,2,5,1,2,3,2,2,2,1,1,2,1,1,2,1,3,1,1,1,1,1
STUDENT37,2,2,3,4,1,2,1,3,1,1,1,1,2,2,4,3,1,1,3,1,1,2,2,1,2,1,2,1,4,3,1,2
STUDENT38,2,2,2,3,1,1,1,2,2,3,3,3,1,1,2,3,2,2,2,1,1,1,1,1,3,2,3,3,5,4,1,1
STUDENT39,2,2,2,5,2,2,2,1,1,1,3,3,1,1,2,4,3,2,2,1,1,1,2,1,2,2,2,2,4,3,1,2
STUDENT40,2,1,2,3,2,2,1,1,1,2,1,3,1,1,2,4,1,2,1,1,1,1,1,1,2,2,2,3,2,1,1,1
STUDENT41,1,2,1,3,2,2,2,2,1,1,2,3,1,1,2,5,1,2,2,1,1,1,1,1,3,1,2,1,2,3,1,1
STUDENT42,3,2,2,3,1,2,2,2,1,2,1,4,2,1,2,2,3,2,2,1,1,2,1,1,3,2,2,3,4,3,1,1
STUDENT43,2,2,2,3,2,1,2,1,4,2,4,4,2,1,3,1,2,2,1,1,1,1,1,1,2,1,3,1,2,3,1,1
STUDENT44,1,2,2,3,2,2,1,1,1,1,2,3,3,1,2,1,2,2,2,1,1,2,1,1,3,1,3,3,3,2,1,4
STUDENT45,2,2,3,3,2,2,1,1,1,1,1,3,2,1,2,5,2,2,2,1,1,1,2,1,3,2,2,1,4,3,1,1
STUDENT46,1,2,2,3,2,2,1,4,1,1,2,3,5,1,2,4,3,2,2,1,1,1,1,1,2,2,2,1,4,3,1,3
STUDENT47,2,2,2,3,2,2,1,1,1,1,1,2,3,1,2,5,2,2,2,1,1,1,1,1,2,2,3,1,4,2,1,5
STUDENT48,2,2,2,3,2,2,1,1,1,2,4,3,1,1,5,4,2,2,2,1,1,2,1,1,2,1,3,2,5,3,1,3
STUDENT49,1,2,2,3,2,1,1,1,1,2,3,3,3,1,2,2,1,1,2,1,1,1,1,1,3,2,3,2,2,2,1,1
STUDENT50,1,2,1,4,2,2,2,2,4,1,2,3,2,1,2,4,2,2,2,1,1,1,2,1,2,2,2,1,3,2,1,2
STUDENT51,2,2,2,3,2,2,1,2,2,1,1,1,2,1,2,3,2,2,2,1,1,2,1,1,2,2,2,3,3,3,1,1
STUDENT52,2,1,3,3,1,1,2,1,1,1,1,2,5,1,2,1,1,2,2,1,1,2,1,1,2,3,3,1,3,3,1,4
STUDENT53,2,1,2,3,1,2,2,2,1,1,1,3,4,1,2,1,3,1,1,1,1,1,1,2,2,2,2,1,4,2,1,1
STUDENT54,2,1,2,3,2,1,2,2,1,1,1,1,5,1,2,1,1,2,2,1,1,2,1,1,2,2,2,2,3,2,1,5
STUDENT55,2,2,2,3,2,2,2,3,4,2,1,4,2,1,4,2,2,1,1,1,1,1,1,2,3,1,3,1,5,3,1,3
STUDENT56,3,2,2,3,1,2,1,4,1,2,1,1,5,3,2,1,1,2,2,1,1,1,3,3,1,3,3,3,5,4,1,3
STUDENT57,2,2,2,3,2,1,2,1,1,1,1,3,5,1,2,4,4,2,3,1,1,1,1,2,3,2,3,3,5,4,1,5
STUDENT58,2,2,2,3,1,1,2,1,1,1,4,2,3,1,3,3,2,3,2,1,1,1,1,1,3,2,3,1,5,4,1,4
STUDENT59,3,2,2,3,2,2,1,3,1,1,1,3,5,2,2,1,3,2,2,1,1,1,1,1,3,2,2,2,5,4,1,3
STUDENT60,2,2,2,3,2,1,1,1,1,1,4,4,3,1,2,3,3,2,2,1,1,1,1,1,3,3,2,2,4,3,1,5
STUDENT61,2,1,2,3,2,2,2,5,2,1,6,1,3,1,2,3,1,2,2,1,1,1,1,1,1,3,3,1,2,1,1,2
STUDENT62,1,2,3,3,2,1,2,2,1,2,1,3,4,1,2,3,3,1,2,1,3,2,1,1,3,2,2,2,4,4,1,5
STUDENT63,2,2,2,3,2,2,2,1,4,2,2,3,2,1,2,4,3,2,2,1,1,1,1,1,2,3,3,2,5,4,1,3
STUDENT64,2,2,2,4,2,2,1,2,1,1,1,3,3,1,2,1,1,1,2,1,1,1,3,1,2,2,2,1,3,3,1,5
STUDENT65,2,2,3,5,2,2,2,1,1,1,2,2,2,1,2,1,1,2,2,1,3,1,2,1,3,2,3,1,4,3,1,3
STUDENT66,1,2,2,3,2,2,1,3,1,1,2,4,3,1,2,4,1,1,2,1,3,2,2,1,2,1,2,1,2,2,1,2
STUDENT67,2,2,2,3,2,2,1,1,1,1,3,2,5,1,2,5,2,2,2,1,1,1,1,1,3,2,2,3,5,4,2,5
STUDENT68,2,2,3,3,1,1,2,3,1,2,3,4,4,2,2,2,2,2,2,1,1,2,1,1,2,2,1,2,2,3,2,1
STUDENT69,2,1,2,4,1,2,2,1,1,1,2,3,5,3,2,5,1,2,2,1,1,2,1,1,2,2,3,2,4,3,3,5
STUDENT70,2,1,2,4,2,2,1,1,1,1,2,2,2,1,2,3,1,1,2,1,1,1,2,1,3,2,3,1,3,2,3,5
STUDENT71,1,2,2,4,2,1,1,1,1,1,4,3,1,2,4,2,2,2,2,1,1,1,1,1,2,2,3,1,5,4,3,7
STUDENT72,1,1,3,4,2,2,2,1,1,3,1,3,5,1,2,4,2,2,1,1,1,1,1,1,2,3,3,3,2,2,3,6
STUDENT73,1,2,2,3,2,1,1,1,1,2,1,1,2,1,2,3,2,3,3,1,1,1,1,1,2,2,3,2,3,3,3,6
STUDENT74,2,2,2,4,2,2,2,1,1,2,1,3,4,1,2,4,3,1,1,2,1,1,1,2,3,2,3,1,5,3,3,6
STUDENT75,1,2,2,4,2,2,2,1,1,1,2,2,3,1,2,1,2,2,2,2,1,1,2,1,3,2,3,2,3,3,3,7
STUDENT76,1,2,2,4,2,1,2,1,1,3,1,5,4,1,2,2,3,3,1,1,1,1,1,1,2,2,2,2,4,1,3,7
STUDENT77,2,2,1,2,2,1,2,2,1,1,5,4,3,1,4,3,2,3,2,1,1,1,3,2,2,1,2,3,2,2,4,4
STUDENT78,1,2,1,2,2,2,1,2,2,2,6,5,2,1,4,2,2,2,2,2,1,2,3,1,2,2,2,2,1,1,4,7
STUDENT79,2,1,2,4,1,1,2,1,1,1,1,3,4,1,2,4,2,3,3,1,1,2,1,1,3,3,2,2,2,2,4,4
STUDENT80,2,2,2,4,2,2,2,1,1,1,1,3,4,1,2,4,1,2,2,1,3,1,1,1,3,3,3,2,4,4,4,3
STUDENT81,2,1,2,3,1,2,1,1,2,1,1,1,2,1,2,3,1,1,1,1,3,1,1,1,2,3,1,2,4,2,5,4
STUDENT82,3,2,2,3,1,2,2,1,1,2,1,2,4,1,2,3,2,2,2,1,1,1,1,1,3,3,2,3,5,4,5,3
STUDENT83,2,2,2,4,1,2,1,2,1,1,3,1,3,1,2,3,2,2,3,1,1,1,1,1,3,3,2,3,4,3,5,7
STUDENT84,2,2,3,3,2,2,2,3,1,1,4,4,2,1,1,2,1,2,2,1,1,1,3,1,3,2,3,3,1,2,5,7
STUDENT85,3,2,3,3,1,2,1,3,1,2,4,2,5,3,2,1,1,2,2,1,1,1,3,3,3,3,3,3,5,4,5,7
STUDENT86,1,2,2,5,2,2,2,2,1,1,1,1,5,1,2,1,1,1,1,1,1,1,1,1,3,2,3,3,4,3,5,4
STUDENT87,2,2,2,4,2,2,2,1,4,2,3,3,2,1,4,1,2,2,2,1,1,1,1,1,3,2,3,2,5,4,5,5
STUDENT88,2,2,2,3,2,1,2,2,1,1,3,4,2,1,1,1,2,2,2,1,1,1,2,1,2,2,2,2,1,1,6,6
STUDENT89,1,2,2,4,2,1,1,1,1,1,4,4,1,1,3,2,2,2,2,1,1,1,1,2,3,1,2,3,5,3,6,6
STUDENT90,2,2,2,3,2,2,2,1,1,1,3,5,3,1,2,2,2,2,2,1,1,2,1,1,3,1,3,3,3,2,6,6
STUDENT91,2,1,2,3,2,1,1,1,2,3,3,3,1,1,4,2,2,2,2,1,1,1,1,1,2,3,2,3,4,2,6,6
STUDENT92,2,2,2,5,1,1,1,1,1,2,4,1,5,1,2,3,2,2,2,1,1,1,1,1,2,3,3,2,5,4,6,6
STUDENT93,1,2,2,3,2,2,2,1,1,1,3,4,4,1,3,2,3,2,2,1,1,1,1,1,3,2,3,3,2,2,6,7
STUDENT94,1,2,2,1,1,2,1,1,1,2,1,2,4,1,2,3,5,2,1,1,1,1,1,1,3,3,3,2,2,2,6,4
STUDENT95,2,2,2,3,2,2,1,1,1,1,3,2,5,1,2,5,2,2,3,1,1,1,1,1,3,2,2,3,5,4,6,6
STUDENT96,1,2,3,5,1,1,1,1,2,3,3,4,1,1,2,1,2,2,3,1,1,1,1,1,3,2,2,1,4,3,7,5
STUDENT97,1,2,2,4,2,1,1,1,2,3,2,2,3,1,4,2,2,3,2,1,1,1,1,1,3,2,3,2,2,3,7,7
STUDENT98,1,2,2,4,1,2,2,1,1,3,3,3,4,1,2,3,2,2,2,1,1,1,1,1,3,2,2,1,3,3,7,6
STUDENT99,1,2,2,4,2,1,2,1,4,2,2,4,2,1,2,5,2,3,2,1,1,1,1,1,3,1,2,1,4,4,7,7
STUDENT100,2,2,2,3,2,2,2,1,4,2,3,4,2,1,2,1,3,2,2,1,1,1,1,1,3,2,3,2,2,2,7,7
STUDENT101,1,2,2,4,2,2,2,1,2,3,4,1,2,1,3,3,2,2,2,1,1,1,1,1,2,2,2,1,3,3,7,6
STUDENT102,1,2,2,4,2,2,1,2,1,3,2,3,1,1,2,4,2,2,2,1,1,1,1,1,3,3,2,1,2,3,7,7
STUDENT103,1,2,2,3,2,2,1,1,1,2,3,1,1,2,4,4,2,2,2,2,1,1,1,1,3,1,2,1,3,4,7,7
STUDENT104,1,2,1,4,2,2,1,5,1,2,1,3,4,1,2,1,2,3,2,1,1,1,1,1,2,2,3,2,4,4,7,7
STUDENT105,1,1,2,3,2,2,2,1,2,2,4,4,1,1,3,2,2,2,2,1,1,1,1,1,2,3,2,2,1,1,7,3
STUDENT106,1,2,2,4,1,1,2,1,1,1,2,2,4,1,2,4,2,3,2,1,1,2,1,2,2,1,3,1,3,3,7,7
STUDENT107,1,2,2,4,2,1,2,1,1,2,2,2,1,1,2,1,3,2,2,1,1,1,3,2,2,2,2,1,4,4,7,7
STUDENT108,1,1,2,4,1,1,2,1,1,3,1,3,5,1,2,4,2,2,2,1,1,1,2,1,2,3,2,1,4,2,7,6
STUDENT109,2,1,1,5,2,1,2,2,2,1,1,2,1,3,1,5,3,3,2,1,1,2,1,1,2,3,1,2,3,3,7,6
STUDENT110,1,2,1,3,2,1,1,1,2,2,4,4,2,3,2,5,3,2,2,1,1,1,2,2,3,2,3,1,4,4,7,7
STUDENT111,2,2,2,3,2,2,2,2,4,2,4,4,2,2,1,5,2,2,2,1,1,2,1,1,2,2,2,1,2,3,8,2
STUDENT112,1,1,1,5,2,1,2,1,1,2,3,3,1,1,3,2,1,2,2,2,2,1,1,1,3,1,3,3,4,3,8,2
STUDENT113,2,1,3,3,1,2,2,1,3,3,1,1,2,1,2,1,1,1,1,2,3,1,2,1,3,3,3,1,4,2,8,2
STUDENT114,2,1,3,3,2,2,2,1,4,2,4,4,1,1,3,2,2,2,3,2,3,2,2,1,2,2,1,1,1,2,8,1
STUDENT115,2,1,2,5,1,1,2,4,1,1,1,1,1,1,2,1,2,2,2,2,2,1,1,1,2,2,1,2,1,1,8,2
STUDENT116,2,1,2,5,1,2,1,1,1,1,1,1,2,1,2,2,3,3,2,2,3,1,2,2,3,2,3,2,2,2,8,1
STUDENT117,2,1,2,5,2,2,2,1,1,1,1,1,5,1,2,4,3,3,3,2,1,1,1,1,3,3,3,1,2,3,8,1
STUDENT118,3,1,1,3,2,1,2,1,1,2,4,4,1,1,1,3,2,2,3,2,1,2,1,1,2,3,2,1,2,3,8,1
STUDENT119,1,2,2,5,2,1,1,1,4,2,1,2,3,1,4,4,1,2,2,1,1,1,3,1,3,3,2,2,3,3,8,1
STUDENT120,2,1,2,4,2,1,2,1,1,2,3,3,2,3,2,5,5,2,2,1,1,1,1,2,2,2,3,1,3,3,8,2
STUDENT121,2,1,1,3,1,1,1,2,2,3,3,3,2,1,3,4,1,1,1,1,1,2,2,1,3,3,3,2,2,2,8,1
STUDENT122,2,1,2,3,1,1,1,1,2,1,1,1,5,3,2,4,5,3,3,1,3,1,2,1,1,1,1,1,1,1,8,0
STUDENT123,1,2,2,5,2,1,2,1,1,1,3,3,2,1,2,1,2,1,2,1,2,1,2,1,3,2,2,1,4,3,8,2
STUDENT124,2,1,3,3,2,2,2,3,1,1,3,2,4,1,1,1,2,2,3,2,1,1,1,1,3,3,2,1,1,1,8,1
STUDENT125,1,1,2,4,1,1,1,1,1,3,2,3,2,1,4,3,4,2,2,2,1,1,2,2,3,3,2,1,3,3,9,3
STUDENT126,1,1,2,5,1,1,2,1,1,3,1,1,5,1,2,3,3,2,3,2,1,1,1,2,3,2,3,1,1,3,9,2
STUDENT127,1,1,1,4,1,1,1,3,2,3,4,6,2,1,4,3,4,2,3,1,1,1,2,1,3,3,3,1,2,2,9,3
STUDENT128,1,1,2,4,2,2,2,1,4,3,3,2,2,1,3,4,2,1,1,2,1,1,1,1,3,2,2,1,2,2,9,1
STUDENT129,1,1,2,4,2,1,1,1,4,3,3,4,2,1,4,2,2,1,1,2,1,1,1,1,3,2,2,1,2,2,9,0
STUDENT130,1,1,2,3,1,1,2,1,1,1,1,1,3,1,2,4,4,2,3,2,1,1,2,2,3,2,3,2,2,3,9,3
STUDENT131,1,1,2,3,1,1,2,1,1,1,1,2,3,1,2,4,4,2,2,2,1,1,1,2,3,1,3,2,2,3,9,1
STUDENT132,1,1,1,5,2,1,2,1,2,2,4,3,1,1,3,2,4,1,3,2,1,1,1,2,3,2,3,1,5,3,9,4
STUDENT133,1,1,1,5,2,1,2,1,1,2,1,2,3,1,2,1,2,2,3,2,1,1,2,1,3,2,3,1,5,4,9,3
STUDENT134,1,1,2,5,2,2,1,1,1,1,1,1,1,1,2,3,3,1,2,2,1,1,1,1,3,3,3,2,5,3,9,3
STUDENT135,1,1,2,4,2,1,2,1,2,3,1,1,2,1,4,3,2,2,2,2,1,1,1,1,2,1,2,1,2,3,9,1
STUDENT136,2,1,2,3,1,1,2,1,4,2,3,3,1,1,2,1,2,3,2,1,3,1,1,1,3,3,2,1,3,2,9,2
STUDENT137,1,1,2,3,1,1,1,1,2,3,3,3,3,1,3,4,2,2,2,2,1,1,3,1,3,2,2,1,2,2,9,0
STUDENT138,1,1,1,5,2,1,2,1,1,1,2,2,2,1,2,1,2,2,2,1,1,1,1,1,3,1,3,1,2,4,9,2
STUDENT139,1,1,2,4,1,1,1,5,2,3,3,1,1,2,4,5,2,2,3,2,3,1,2,1,3,2,3,1,1,3,9,0
STUDENT140,1,1,2,4,1,2,1,2,2,3,3,3,1,1,5,4,1,1,2,2,1,2,2,1,2,3,2,1,1,2,9,0
STUDENT141,2,1,2,3,1,1,2,1,1,2,1,2,2,2,2,4,3,3,2,1,1,1,1,1,2,1,2,1,3,3,9,5
STUDENT142,1,1,2,4,2,2,2,1,4,2,1,1,5,1,2,1,3,2,2,2,1,2,1,1,3,2,2,1,5,3,9,5
STUDENT143,1,1,1,4,2,2,2,1,1,1,3,4,4,1,2,4,2,2,2,1,1,1,1,1,3,3,2,1,4,3,9,1
STUDENT144,2,1,2,4,1,1,1,5,2,3,4,4,1,1,3,3,2,2,1,1,1,1,2,1,2,1,2,1,5,3,9,4
STUDENT145,1,1,1,5,2,2,2,3,1,1,3,1,5,1,2,4,3,1,1,1,1,1,2,1,3,2,3,1,5,4,9,3
STUDENT146,3,1,2,1,3,3,4,1,2,1,1,2,1,1,3,2,1,2,4,1,4,3,2,1,5,2,1,1,4,3,1,3
STUDENT147,2,5,2,2,4,3,4,2,3,1,1,2,1,1,1,2,3,2,2,1,2,4,3,3,1,3,1,2,5,3,9,2
STUDENT148,2,3,1,4,4,2,1,4,2,3,1,2,4,3,1,1,3,2,3,2,2,2,5,1,2,3,4,1,1,3,2,3
STUDENT149,2,2,2,2,4,3,1,4,3,3,2,2,1,1,3,3,5,3,2,1,3,4,2,1,2,1,5,4,4,2,8,2
STUDENT150,4,4,4,2,1,4,4,1,2,1,3,3,1,2,2,2,4,2,1,2,3,1,2,5,3,2,2,1,1,2,9,2
STUDENT151,1,1,3,1,4,4,1,1,3,1,1,4,2,2,3,4,1,1,2,2,2,3,3,5,1,2,2,4,1,1,8,2
STUDENT152,1,2,4,1,4,4,1,3,2,1,1,3,1,2,2,4,4,1,1,2,4,3,2,3,3,3,3,2,1,1,1,3
STUDENT153,2,3,1,2,2,4,1,5,1,1,2,3,1,1,4,1,2,3,2,2,2,4,1,3,1,2,3,2,2,3,2,2
STUDENT154,3,2,1,2,2,1,2,1,1,2,2,2,2,5,4,2,3,2,4,1,4,2,4,3,1,2,1,2,3,4,9,3
STUDENT155,4,4,1,2,2,1,3,3,2,3,2,2,1,1,4,4,2,4,2,1,1,2,4,3,4,4,1,1,1,3,7,4
STUDENT156,3,4,1,1,3,1,2,1,4,3,2,3,3,1,1,3,2,1,2,1,4,2,4,4,1,3,2,2,1,3,6,3
STUDENT157,2,5,2,4,1,5,1,5,2,1,2,3,2,3,2,2,2,2,3,1,4,2,3,3,3,2,1,3,2,2,2,3
STUDENT158,2,2,2,2,2,1,2,4,3,4,3,2,2,1,2,2,2,3,2,2,1,2,4,3,1,1,2,3,2,4,4,3
STUDENT159,1,1,1,1,2,4,1,2,3,1,3,2,1,3,1,3,3,1,2,1,5,2,1,1,4,2,4,3,5,2,8,3
STUDENT160,3,2,4,2,4,3,2,2,1,3,3,2,3,2,1,2,2,2,2,1,1,3,3,1,2,2,2,1,2,4,1,3
STUDENT161,3,2,1,2,3,4,5,2,3,2,3,1,1,2,1,2,3,2,1,2,1,3,1,2,2,1,3,1,2,1,7,2
STUDENT162,2,2,4,2,5,2,4,2,3,1,5,1,1,5,1,1,1,4,3,1,2,1,4,2,2,2,3,5,3,3,3,4
STUDENT163,1,1,2,3,5,2,3,1,3,3,1,3,4,3,1,5,3,2,2,2,2,2,4,4,1,5,3,4,3,2,9,4
STUDENT164,2,4,2,2,2,3,2,4,4,1,4,1,2,3,2,1,4,1,1,3,2,4,3,2,1,4,1,3,2,3,8,3
STUDENT165,2,3,1,1,3,2,2,2,2,2,3,2,3,2,2,1,1,1,2,3,1,1,2,3,5,2,2,1,1,1,3,2
STUDENT166,3,1,1,1,2,4,3,3,1,1,2,2,2,5,2,4,1,1,2,2,3,1,4,4,1,1,2,2,2,3,9,2
STUDENT167,4,2,2,2,2,1,5,1,3,3,2,1,1,2,1,2,3,2,1,2,2,4,1,1,2,3,2,4,1,1,4,2
STUDENT168,4,4,1,1,2,3,2,2,1,3,3,4,2,2,1,1,2,2,2,1,5,4,2,5,5,3,2,1,3,2,8,4
STUDENT169,1,2,3,2,1,2,2,3,4,2,3,2,4,4,2,2,2,2,5,2,2,5,3,2,2,1,2,3,3,3,4,3
STUDENT170,1,2,4,2,1,3,3,3,2,1,2,1,4,1,4,3,1,4,2,3,2,2,2,2,1,1,2,3,1,1,7,2
STUDENT171,3,2,1,3,4,2,3,4,2,2,2,3,2,4,4,5,1,2,4,2,2,2,4,2,5,3,3,1,5,1,6,4
STUDENT172,4,2,2,2,3,2,3,1,2,5,2,3,3,4,4,4,2,2,3,3,4,1,1,3,4,5,3,2,1,3,2,3
STUDENT173,3,4,1,3,2,2,1,2,2,3,1,1,4,3,1,4,1,2,2,2,1,4,4,3,1,2,2,2,3,2,5,2
STUDENT174,2,5,4,1,2,2,2,3,1,4,2,1,4,3,5,4,3,4,4,3,1,4,1,1,2,3,3,3,1,1,1,3
STUDENT175,2,2,3,1,2,3,1,1,2,5,2,4,4,2,4,2,4,3,2,1,5,1,5,4,3,5,5,4,2,3,1,3
STUDENT176,2,2,3,4,2,2,3,3,4,4,4,2,3,3,1,2,2,1,2,2,2,3,2,5,4,1,2,4,4,2,1,4
STUDENT177,3,2,5,3,2,4,2,3,2,2,2,4,2,2,2,4,1,4,4,3,3,2,2,2,1,1,1,1,4,1,3,2
STUDENT178,2,1,2,1,4,1,3,4,2,2,3,1,1,3,2,3,2,2,2,1,1,1,2,1,4,3,2,3,3,3,1,3
STUDENT179,4,1,1,3,1,3,4,3,2,3,2,1,1,1,2,2,3,2,2,1,4,3,1,4,5,2,2,4,2,5,8,3
STUDENT180,1,2,2,3,1,2,2,2,2,2,1,3,3,4,3,2,1,2,3,1,3,2,2,4,1,3,2,4,3,1,2,2
STUDENT181,1,4,1,4,2,4,3,2,4,4,2,2,4,1,4,2,2,4,2,2,1,4,4,4,1,1,4,3,2,3,8,3
STUDENT182,3,1,1,1,3,2,3,1,3,3,2,2,1,3,2,1,1,5,4,1,2,3,3,3,3,2,2,4,5,3,4,2
STUDENT183,1,3,5,3,2,2,1,1,3,1,3,1,3,3,3,1,2,1,2,3,4,3,3,2,4,2,2,3,2,1,6,3
STUDENT184,3,2,3,1,1,3,5,3,2,4,2,1,2,2,1,4,2,3,3,3,5,5,2,2,4,2,3,2,2,1,6,3
STUDENT185,4,3,3,2,4,1,4,2,2,3,4,4,2,4,2,2,4,4,5,3,4,2,2,2,2,3,3,3,3,2,1,4
STUDENT186,3,2,4,2,5,1,5,1,2,1,4,2,1,2,2,2,4,4,4,3,2,2,2,3,2,2,1,2,1,2,3,3
STUDENT187,3,2,2,1,4,1,2,3,2,3,2,2,5,2,2,4,2,3,1,2,2,4,2,4,5,2,3,1,3,1,6,2
STUDENT188,2,2,2,2,1,2,2,1,1,2,4,4,3,2,1,2,1,1,3,2,3,1,3,2,1,3,2,3,1,1,7,3
STUDENT189,4,2,1,3,5,1,1,1,2,1,2,2,3,4,2,3,1,2,1,4,1,1,2,3,1,1,3,2,1,1,4,2
STUDENT190,2,3,5,2,3,1,1,2,2,1,1,2,3,4,1,3,3,2,5,4,1,1,2,1,1,2,3,1,2,4,1,2
STUDENT191,3,2,3,5,1,3,4,1,1,3,2,2,2,5,2,1,4,3,2,2,5,2,1,5,3,3,2,1,2,2,6,3
STUDENT192,3,1,5,2,2,1,3,2,3,4,2,1,2,1,2,1,1,2,3,2,3,3,1,5,4,3,1,3,2,4,8,4
STUDENT193,3,2,4,4,2,1,3,3,2,3,2,2,1,3,2,1,2,1,2,5,1,2,1,1,1,2,2,1,3,1,2,1
STUDENT194,3,2,2,2,1,2,5,1,3,1,1,2,2,2,1,2,4,1,2,3,2,3,3,1,2,5,2,4,1,1,2,3
STUDENT195,1,4,2,2,4,3,3,3,3,1,3,2,4,1,4,1,1,2,2,2,4,2,4,2,2,3,3,2,2,4,4,4
STUDENT196,1,1,2,4,1,1,1,4,4,2,1,3,1,1,2,2,3,1,2,4,3,1,3,4,2,4,4,2,3,1,4,3
STUDENT197,5,1,2,2,1,3,1,1,5,3,1,1,1,4,4,4,4,4,2,2,1,3,3,2,3,1,5,4,2,2,3,3
STUDENT198,4,1,2,2,4,2,3,1,2,4,2,5,4,2,2,1,2,1,5,2,4,4,2,1,1,2,1,2,2,4,6,3
STUDENT199,2,2,2,1,3,1,1,2,2,1,3,3,3,4,1,2,1,2,4,1,4,3,3,3,2,2,3,2,1,3,4,2
STUDENT200,2,2,3,1,2,4,2,2,2,1,1,1,4,2,2,3,4,4,1,4,3,1,3,2,4,2,4,1,2,2,1,3
STUDENT201,4,4,2,2,1,2,2,5,3,3,4,5,2,1,1,3,2,2,4,2,2,2,2,3,2,2,4,4,2,2,2,3
STUDENT202,3,3,2,2,4,2,1,3,1,2,2,1,3,5,1,3,2,2,2,5,4,2,3,1,2,3,2,2,2,3,2,2
STUDENT203,1,3,2,2,3,1,4,2,2,4,1,3,1,3,5,3,2,1,3,1,3,2,5,3,1,2,2,2,1,4,3,3
STUDENT204,4,1,2,2,3,2,5,1,1,1,1,3,2,2,3,4,1,2,5,4,4,4,1,3,3,3,1,3,5,3,2,3
STUDENT205,3,3,4,2,2,3,1,4,1,4,2,2,4,1,4,4,3,5,3,3,2,2,2,2,1,2,3,5,2,4,2,3
STUDENT206,1,2,1,4,2,1,4,5,4,4,2,2,2,1,5,1,2,2,2,3,4,3,3,2,1,4,1,3,5,1,2,4
STUDENT207,2,1,2,5,5,3,2,3,2,2,2,2,1,2,1,2,1,2,2,1,1,2,4,2,2,1,2,1,3,1,9,2
STUDENT208,2,3,5,1,2,1,2,3,1,4,2,1,3,2,3,2,1,2,2,2,3,2,2,5,2,4,2,3,3,3,9,3
STUDENT209,3,2,2,2,3,3,1,2,3,3,2,1,3,1,2,1,3,2,2,2,1,2,4,1,1,2,1,1,1,3,1,2
STUDENT210,4,2,4,3,2,2,2,1,1,1,3,1,4,4,1,4,2,2,2,2,1,3,4,2,2,2,2,3,2,3,2,3
STUDENT211,1,1,3,2,3,3,2,1,1,3,2,2,2,3,1,3,3,2,2,4,3,2,1,2,3,2,1,2,2,3,8,2
STUDENT212,3,2,4,4,2,2,2,2,3,3,4,2,1,3,4,2,3,4,2,3,1,3,1,2,2,3,2,2,1,3,1,2
STUDENT213,1,3,3,3,2,2,3,4,2,1,2,3,2,3,1,1,3,4,3,3,3,1,5,2,5,2,2,1,3,2,3,3
STUDENT214,2,1,1,2,2,4,3,2,2,1,3,2,3,3,2,2,2,5,3,3,1,3,1,1,2,1,2,1,3,3,2,2
STUDENT215,1,1,1,2,2,3,2,2,3,4,3,2,1,2,2,4,3,3,1,3,2,3,1,1,3,3,3,4,2,5,9,3
STUDENT216,2,2,1,1,2,1,1,1,3,2,2,5,2,3,1,2,2,3,3,3,1,2,3,2,2,1,3,2,2,4,9,1
STUDENT217,4,1,3,1,2,1,2,3,3,3,3,4,2,3,2,1,2,2,2,1,2,1,3,1,2,2,2,3,2,2,6,3
STUDENT218,1,3,2,2,1,2,3,1,2,2,3,2,1,3,3,1,1,1,2,2,2,5,1,2,3,1,2,4,2,1,5,2
STUDENT219,2,2,1,2,1,4,3,4,2,2,2,2,1,1,1,2,1,4,2,3,2,4,1,2,4,2,1,2,2,5,6,2
STUDENT220,2,2,1,3,4,4,4,3,4,1,4,5,4,5,1,1,1,2,5,5,1,4,3,3,3,1,2,1,1,4,4,4
STUDENT221,3,2,4,3,1,2,3,3,2,2,2,1,4,1,3,1,3,1,2,4,5,3,2,3,2,2,1,2,3,3,5,3
STUDENT222,3,1,2,2,2,1,1,4,3,1,1,5,3,2,5,1,2,1,2,3,3,3,4,1,3,2,1,5,4,2,1,3
STUDENT223,3,4,4,3,1,1,4,1,2,1,1,4,4,3,2,2,1,5,2,2,2,1,4,2,2,3,3,2,2,3,7,3
STUDENT224,2,2,3,3,2,4,3,2,3,5,2,2,1,1,2,3,1,2,2,3,3,2,1,3,2,1,3,2,2,2,9,2
STUDENT225,2,3,3,5,2,3,3,1,3,2,2,2,3,1,2,1,3,2,1,1,2,2,3,3,2,3,2,1,2,1,8,2
STUDENT226,4,2,4,1,2,3,1,3,3,4,4,3,5,2,3,2,3,3,3,3,4,3,3,5,2,2,2,5,2,2,3,4
STUDENT227,3,2,2,4,2,1,1,3,2,1,3,1,4,1,4,3,3,2,2,3,3,3,4,1,2,1,3,3,2,1,9,3
STUDENT228,1,2,4,2,5,2,2,2,2,2,1,2,4,2,2,3,1,4,2,4,2,2,4,1,1,2,3,1,2,2,1,2
STUDENT229,2,1,4,1,2,3,2,1,4,2,1,3,2,4,2,3,4,2,1,1,4,2,1,2,1,3,1,2,2,3,5,2
STUDENT230,3,2,2,1,5,3,4,2,2,4,3,3,2,2,2,3,1,2,2,2,1,3,5,2,4,2,2,4,2,3,5,3
STUDENT231,4,2,1,2,2,3,2,3,1,2,4,4,5,3,3,2,1,4,1,1,3,2,1,2,2,4,2,2,2,4,9,3
STUDENT232,3,1,4,3,2,1,1,2,1,2,3,3,1,3,2,4,2,4,3,3,2,1,3,1,4,3,2,2,2,1,3,3
STUDENT233,3,4,2,3,1,5,2,2,2,3,3,1,2,1,1,2,1,3,1,4,4,4,2,1,2,1,1,3,4,4,1,2
STUDENT234,4,4,2,2,1,1,3,1,2,2,1,1,1,2,2,4,2,3,2,2,5,2,1,5,3,1,2,2,1,3,6,2
STUDENT235,3,2,1,2,2,3,2,4,2,1,4,2,3,2,1,2,2,4,2,3,2,1,2,3,2,1,2,2,2,1,2,2
STUDENT236,4,1,3,2,2,3,3,2,1,5,3,4,5,3,3,1,2,2,4,3,2,2,2,2,2,3,2,1,2,3,4,4
STUDENT237,4,2,2,3,3,1,2,4,2,2,3,3,1,2,2,1,1,2,2,2,2,2,3,1,2,1,2,2,3,2,6,3
STUDENT238,4,2,4,2,2,2,2,1,2,2,1,1,2,5,3,4,3,1,2,3,4,3,3,2,3,3,3,2,2,2,7,3
STUDENT239,2,4,4,1,1,3,3,1,3,3,2,3,3,1,2,1,4,3,4,1,1,5,2,1,3,3,1,1,3,3,2,3
STUDENT240,4,1,2,2,2,1,5,2,1,3,1,1,3,1,4,2,1,2,1,3,1,1,2,2,1,2,2,2,2,3,5,3
STUDENT241,3,1,5,1,4,5,2,1,4,5,1,4,2,2,1,1,1,4,1,4,4,1,2,2,3,2,1,1,1,3,8,3
STUDENT242,2,3,2,2,2,5,1,3,2,4,1,3,3,1,4,1,3,4,2,3,4,1,2,2,4,1,1,2,2,3,2,2
STUDENT243,2,2,4,1,3,3,4,1,2,3,3,2,4,1,4,2,3,2,1,1,1,1,4,2,2,5,4,3,1,2,3,2
STUDENT244,4,3,2,4,5,2,1,2,1,3,2,4,3,4,4,2,1,3,5,1,2,4,2,1,3,3,2,4,2,4,9,3
STUDENT245,4,1,2,1,1,2,2,1,2,2,2,4,3,4,2,5,2,2,1,4,2,3,1,2,3,1,3,1,2,3,6,2
STUDENT246,1,2,5,4,4,2,1,2,3,5,2,1,4,2,1,4,2,3,1,2,3,2,2,1,4,2,1,2,4,3,3,3
STUDENT247,5,3,3,3,1,3,3,3,1,2,1,2,1,3,1,3,3,3,1,2,3,1,1,3,4,4,1,2,1,1,3,3
STUDENT248,4,3,3,3,2,3,4,1,1,2,1,1,1,2,4,4,1,3,3,1,2,2,2,2,2,3,4,2,1,2,4,2
STUDENT249,4,4,1,2,2,3,2,4,1,2,2,1,2,1,2,4,1,1,2,1,1,3,3,4,2,2,1,3,4,2,1,2
STUDENT250,3,3,3,1,2,2,2,5,2,2,1,2,1,2,2,1,1,4,2,4,3,1,1,4,5,1,2,2,4,5,9,4
STUDENT251,3,3,3,1,3,2,3,2,2,3,4,2,4,1,2,2,1,1,3,3,2,5,3,2,2,3,2,2,4,3,8,3
STUDENT252,4,1,2,4,4,2,1,2,2,1,4,3,2,2,1,1,2,3,2,2,2,1,1,2,2,3,4,2,3,3,6,3
STUDENT253,2,1,1,3,5,3,2,3,4,2,1,2,2,2,3,2,2,4,2,2,2,3,3,4,3,3,2,2,5,4,2,3
STUDENT254,2,3,3,4,4,1,4,2,3,3,2,4,1,1,2,1,4,1,1,1,2,4,1,3,2,1,3,3,3,3,5,2
STUDENT255,3,3,3,2,4,5,2,2,1,1,4,3,2,2,1,2,2,3,1,2,1,2,3,2,4,4,2,2,1,3,2,3
STUDENT256,3,2,2,3,3,3,2,2,2,2,3,2,1,2,2,1,2,1,1,3,5,4,4,4,1,2,4,1,4,1,5,4
STUDENT257,1,4,1,1,2,1,2,1,2,3,2,5,1,4,4,1,2,3,2,3,3,1,2,2,5,2,2,3,2,3,3,2
STUDENT258,1,2,2,4,1,1,3,1,5,3,4,5,1,1,2,4,2,5,2,4,2,2,2,1,2,2,2,4,3,1,5,3
STUDENT259,1,4,5,4,2,1,2,4,1,2,2,1,2,4,3,3,3,2,4,2,3,1,2,3,3,1,2,1,2,4,3,3
STUDENT260,3,3,2,2,2,2,3,3,2,1,2,1,4,1,1,1,3,3,1,2,3,5,2,2,2,4,2,2,3,1,4,3
STUDENT261,2,2,4,2,3,4,2,2,3,3,1,1,1,1,2,2,1,3,2,1,2,2,2,4,5,2,3,2,2,2,3,2
STUDENT262,3,4,3,1,1,1,2,4,3,3,1,3,3,2,2,4,3,1,1,2,3,3,4,1,4,1,5,2,2,4,6,4
STUDENT263,1,1,2,4,2,3,3,2,4,4,2,2,1,4,2,3,5,1,3,1,2,4,4,1,4,3,3,1,2,2,1,3
STUDENT264,4,1,2,2,3,2,4,2,1,3,3,1,3,2,3,4,2,3,2,2,1,1,5,3,5,3,3,3,3,4,6,3
STUDENT265,5,1,2,2,2,2,3,2,2,5,2,1,2,1,1,2,3,2,5,2,4,4,2,2,3,2,2,1,4,4,9,3
STUDENT266,2,3,2,2,3,5,3,5,2,2,3,3,5,3,5,4,2,2,3,1,3,1,1,5,4,2,4,2,1,4,8,5
STUDENT267,1,5,4,5,4,3,2,4,1,1,2,2,3,2,2,1,1,2,1,3,2,4,4,2,3,3,1,3,2,1,8,2
STUDENT268,1,1,2,2,2,4,3,1,2,3,3,3,1,1,3,2,2,4,3,2,2,2,2,3,3,4,1,3,2,1,4,3
STUDENT269,1,2,1,3,5,2,1,1,1,1,3,2,2,2,2,1,2,2,1,1,3,2,2,5,2,3,4,4,2,1,4,2
STUDENT270,1,3,2,2,1,2,2,1,1,2,2,2,2,1,1,3,1,2,2,1,3,3,4,3,2,3,3,2,2,1,9,3
STUDENT271,3,3,2,2,5,5,3,2,3,2,3,2,5,3,3,4,1,2,2,1,3,3,1,1,5,4,2,3,2,1,2,3
STUDENT272,1,2,3,2,4,2,3,5,3,4,2,1,3,3,1,2,1,4,3,2,1,1,1,2,3,3,1,2,2,2,6,3
STUDENT273,2,2,3,1,2,1,1,1,3,3,3,4,2,4,2,2,1,3,2,4,4,2,1,2,3,2,4,3,2,3,7,3
STUDENT274,2,1,3,3,1,1,2,4,2,4,5,2,4,2,2,3,1,2,2,1,2,2,2,1,4,1,3,3,2,3,5,2
STUDENT275,1,2,3,3,2,1,1,3,2,1,2,1,3,4,4,2,1,1,1,2,2,3,2,2,3,3,2,1,2,1,7,3
STUDENT276,2,1,3,2,1,5,4,2,2,2,2,1,2,3,3,3,3,1,1,2,1,3,2,3,4,1,3,2,1,2,2,3
STUDENT277,2,4,3,4,2,1,3,2,5,2,2,2,2,3,3,2,2,1,2,2,1,4,3,1,3,3,2,3,3,2,5,3
STUDENT278,3,2,4,2,4,1,2,2,4,3,2,1,3,4,1,4,2,2,2,2,2,2,3,3,1,4,1,3,2,2,4,3
STUDENT279,2,3,3,2,2,5,3,2,3,4,5,2,4,2,1,2,2,2,2,2,2,2,1,4,2,2,4,1,4,2,5,4
STUDENT280,3,4,1,3,2,4,3,2,1,1,1,1,2,1,3,3,1,2,1,1,4,2,4,1,5,3,2,4,2,5,5,4
STUDENT281,1,2,3,2,1,1,2,2,3,3,1,3,3,1,1,2,3,4,3,3,3,2,2,2,4,2,2,2,2,3,6,2
STUDENT282,1,2,3,3,2,1,1,1,1,4,2,2,3,2,1,3,2,2,2,2,3,1,2,2,1,1,4,1,2,2,2,2
STUDENT283,1,4,1,2,4,2,3,2,3,2,3,2,3,1,2,1,1,3,1,1,2,2,2,3,3,3,2,1,2,1,9,1
STUDENT284,1,5,1,1,2,3,3,1,1,1,2,2,2,3,2,1,4,4,4,5,3,4,3,5,1,1,3,4,1,5,9,4
STUDENT285,2,2,2,1,4,2,3,3,1,2,4,1,2,3,2,4,3,1,5,1,3,3,3,2,2,2,2,1,2,4,3,3
STUDENT286,1,3,3,1,1,2,3,1,3,3,5,5,3,2,3,1,5,4,4,2,2,4,2,3,4,3,2,2,5,3,4,3
STUDENT287,3,1,1,3,2,3,3,5,2,2,3,2,1,1,4,2,1,3,2,2,3,2,2,1,4,3,1,3,4,3,6,4
STUDENT288,3,1,3,2,2,4,1,3,4,3,3,3,3,1,3,3,4,2,3,1,1,1,2,2,2,2,3,3,2,3,5,3
STUDENT289,1,1,1,2,4,3,2,2,3,1,3,4,2,1,3,2,1,2,1,3,2,3,2,3,1,2,3,4,3,2,7,3
STUDENT290,3,2,4,3,3,1,3,1,2,3,3,1,4,3,2,3,3,1,2,4,1,2,1,2,4,3,2,2,4,2,5,3
STUDENT291,3,3,3,3,5,3,3,2,1,1,2,3,2,1,3,2,2,3,3,1,1,2,2,2,2,2,5,4,1,2,6,2
STUDENT292,2,2,1,2,1,1,2,2,4,2,3,4,1,2,2,4,1,1,2,2,1,1,4,1,2,1,2,3,1,1,2,2
STUDENT293,2,3,2,1,2,1,1,1,2,4,4,1,1,1,3,4,3,5,3,2,5,4,4,4,2,4,1,1,2,2,4,4
STUDENT294,1,2,2,4,4,2,1,4,2,1,4,4,2,4,3,2,2,4,1,1,4,2,4,2,2,2,2,4,3,3,9,4
STUDENT295,2,2,1,4,3,1,3,4,2,3,5,3,2,3,3,1,5,4,1,2,2,3,1,2,1,2,2,1,1,2,7,4
STUDENT296,4,3,2,4,5,5,2,2,3,3,2,2,1,2,2,2,3,3,1,4,3,2,4,2,2,3,3,1,3,2,5,3
STUDENT297,1,3,4,1,3,2,2,3,2,1,3,1,3,5,3,1,2,1,5,2,1,4,3,3,1,2,1,2,3,2,3,3
STUDENT298,1,1,3,2,4,3,2,1,4,2,2,1,1,3,2,5,4,1,2,2,1,2,2,1,1,2,5,3,3,2,7,2
STUDENT299,4,1,4,3,3,1,2,2,1,1,2,2,2,2,1,3,2,1,1,1,2,1,3,2,3,1,2,3,2,1,9,1
STUDENT300,1,2,5,1,2,3,2,2,3,2,3,2,2,3,2,3,5,1,4,2,2,3,4,4,1,4,2,3,1,3,1,4
STUDENT301,3,3,4,2,2,3,1,1,2,3,2,3,2,2,2,3,2,3,2,3,1,2,2,2,2,2,2,1,1,2,8,2
STUDENT302,3,4,3,1,3,3,4,2,2,3,4,1,1,1,3,2,1,1,3,4,4,3,4,2,3,2,2,4,5,2,1,4
STUDENT303,2,2,2,2,2,2,2,4,1,2,4,4,2,3,3,3,1,2,2,4,1,3,1,2,2,2,2,3,3,1,2,2
STUDENT304,1,4,3,3,4,4,5,2,1,3,1,3,2,1,1,2,3,2,2,1,4,2,3,2,1,1,2,2,4,5,5,4
STUDENT305,4,2,1,2,1,4,2,2,4,1,4,4,1,3,3,2,3,1,2,1,3,2,3,4,5,4,3,3,1,2,2,3
STUDENT306,2,1,3,3,2,1,2,1,2,1,1,2,2,2,1,1,1,2,3,3,2,1,2,4,2,1,3,4,2,4,1,1
STUDENT307,4,2,4,4,2,1,2,2,1,2,2,2,3,4,1,2,1,5,2,1,2,4,5,3,3,3,2,3,1,3,3,3
STUDENT308,2,1,5,1,2,2,2,2,1,3,3,3,1,1,1,3,2,3,4,3,3,3,3,1,1,3,2,4,2,4,4,2
STUDENT309,5,3,2,3,3,5,3,4,2,2,4,2,3,1,4,3,3,1,4,5,2,2,3,1,2,2,2,2,2,1,4,3
STUDENT310,1,1,2,1,2,2,2,3,2,2,3,1,4,2,3,2,1,2,1,5,3,2,2,3,2,3,2,4,1,4,2,3
STUDENT311,1,2,2,2,4,1,3,2,2,2,2,3,4,1,3,2,3,3,2,3,1,2,2,1,3,4,2,4,2,2,9,2
STUDENT312,2,1,3,2,1,1,2,3,3,2,3,2,5,1,1,2,1,2,2,3,2,2,1,3,2,3,2,2,4,3,8,3
STUDENT313,1,2,3,2,3,3,3,2,2,2,3,1,1,3,2,3,4,3,2,2,2,1,1,3,4,4,2,1,3,2,2,4
STUDENT314,2,1,3,2,2,2,4,4,2,3,1,2,5,1,1,3,2,3,3,2,2,3,1,4,2,3,4,2,2,1,7,3
STUDENT315,2,4,3,3,2,4,3,1,2,4,1,1,2,1,1,1,2,2,2,2,1,3,2,1,1,1,2,2,1,2,6,3
STUDENT316,3,1,2,4,2,2,3,2,2,2,4,2,2,2,3,4,1,1,2,4,3,2,5,3,4,4,2,1,3,2,3,3
STUDENT317,2,2,1,1,3,4,2,3,2,1,3,2,2,2,1,3,3,4,1,3,2,2,1,4,2,3,3,1,1,3,7,2
STUDENT318,5,2,3,1,3,3,4,2,5,3,2,3,3,1,1,4,2,3,2,2,2,4,1,1,1,3,5,2,4,3,4,4
STUDENT319,2,1,2,3,2,2,3,1,2,2,4,2,1,2,2,2,2,5,3,2,4,4,1,4,2,2,4,4,4,2,7,2
STUDENT320,1,5,4,2,5,1,4,2,1,2,1,1,3,1,2,3,2,3,3,1,1,3,1,3,3,2,4,1,4,3,1,2
STUDENT321,1,2,2,3,1,4,2,3,2,1,2,4,1,1,1,2,1,2,3,1,4,3,2,2,1,4,4,2,3,2,2,3
STUDENT322,3,4,3,2,4,1,2,2,1,1,3,1,2,2,1,1,2,2,2,2,2,3,1,2,1,2,2,2,1,1,5,1
STUDENT323,2,1,2,2,4,2,4,3,1,5,2,3,3,2,2,2,3,2,3,1,1,2,4,4,1,1,3,3,4,3,6,4
STUDENT324,2,3,1,2,3,3,3,3,4,1,4,3,3,3,4,3,3,1,3,2,3,1,3,4,2,2,1,2,2,2,7,5
STUDENT325,4,2,3,3,1,1,3,3,1,1,1,2,1,3,3,1,5,1,3,3,4,2,3,2,3,2,3,3,2,2,2,3
STUDENT326,3,1,3,2,2,4,2,4,3,2,3,3,1,2,2,2,4,4,2,2,2,3,1,3,2,2,4,2,4,2,4,3
STUDENT327,3,1,2,1,1,5,2,2,2,3,1,2,3,4,2,4,3,1,3,4,3,2,2,4,3,4,2,3,3,2,7,4
STUDENT328,3,3,4,2,2,4,2,1,4,5,1,5,1,2,1,1,3,3,1,2,1,3,1,2,4,3,3,1,3,2,3,3
STUDENT329,2,4,2,2,2,3,2,2,2,1,3,2,4,2,2,1,4,2,2,2,2,3,2,1,2,1,2,2,3,3,6,3
STUDENT330,2,1,1,2,2,3,2,2,2,2,1,3,3,2,1,2,4,3,1,1,2,1,3,4,3,2,2,4,2,2,8,4
STUDENT331,1,1,4,3,2,2,1,3,3,1,2,3,2,4,4,4,1,5,2,4,1,3,5,2,2,2,3,3,2,4,8,4
STUDENT332,2,2,2,3,3,3,2,2,4,3,3,4,3,2,3,2,2,2,4,3,4,4,3,3,2,4,2,3,3,4,1,3
STUDENT333,3,2,4,5,1,2,2,4,3,2,2,4,2,2,1,2,2,3,1,4,4,2,3,4,3,1,3,2,2,4,3,4
STUDENT334,2,4,2,4,5,3,1,2,2,1,1,2,1,1,3,3,4,2,1,4,3,1,2,4,2,5,3,3,1,2,7,3
STUDENT335,1,3,1,4,2,2,2,3,2,4,2,2,1,2,2,4,1,3,1,2,2,1,3,1,3,3,2,1,1,3,9,3
STUDENT336,2,3,2,1,2,3,3,4,3,2,1,1,3,4,1,2,2,3,3,2,2,2,2,2,3,1,1,2,3,2,1,3
STUDENT337,3,3,4,2,2,2,3,2,2,2,2,2,1,1,1,2,3,3,5,2,1,1,2,2,1,2,2,1,2,1,7,2
STUDENT338,2,2,2,1,4,3,1,3,2,1,5,2,2,3,5,2,2,4,2,2,2,2,2,1,4,2,3,2,2,3,2,2
STUDENT339,2,2,1,1,2,1,3,2,1,1,2,1,3,3,2,1,2,2,2,1,3,4,4,3,4,2,3,1,5,1,5,3
STUDENT340,2,5,4,2,2,2,2,1,3,1,3,2,1,3,3,3,4,3,3,3,2,2,4,4,1,2,2,3,2,2,2,5
STUDENT341,3,3,5,4,2,5,2,4,3,1,3,2,1,1,2,4,2,1,2,3,5,5,1,2,3,2,3,3,3,2,5,4
STUDENT342,1,2,1,2,3,5,2,1,4,1,2,1,1,1,3,2,2,5,3,2,1,3,2,3,1,3,3,2,5,2,9,3
STUDENT343,2,1,3,2,3,2,1,3,2,2,1,2,4,2,3,3,3,2,2,1,1,3,3,1,3,4,1,1,2,1,2,2
STUDENT344,2,1,2,3,2,5,4,4,5,4,3,2,1,3,4,1,2,2,4,4,4,2,2,2,2,3,2,2,1,4,1,4
STUDENT345,3,1,2,1,4,2,3,3,2,5,2,4,1,3,3,2,2,4,2,4,1,1,2,3,1,3,3,2,3,2,3,3
STUDENT346,5,1,2,2,2,4,3,3,1,2,2,1,2,1,5,1,4,5,4,2,1,1,1,2,3,5,1,2,2,1,7,3
STUDENT347,2,2,2,1,1,4,4,3,2,2,4,3,4,3,2,5,5,1,2,2,2,1,2,3,3,4,2,1,4,2,1,3
STUDENT348,3,3,2,1,2,2,3,3,3,3,1,3,2,1,3,3,2,4,2,3,2,2,3,3,3,4,2,1,1,2,5,4
STUDENT349,2,4,1,3,2,1,3,3,2,3,1,2,4,3,2,1,2,2,2,1,2,4,2,1,1,1,2,2,2,3,3,3
STUDENT350,1,2,2,2,2,2,2,1,2,2,4,3,2,4,1,4,3,1,2,2,1,1,2,3,4,1,2,1,4,1,6,1
STUDENT351,4,3,1,1,1,3,3,2,2,3,1,1,1,3,2,1,4,1,1,4,3,1,1,3,2,1,2,4,3,1,5,1
STUDENT352,4,2,2,2,2,2,2,2,1,3,2,4,2,5,2,4,3,1,4,1,3,2,4,2,1,1,2,2,3,1,7,3
STUDENT353,4,1,3,2,3,4,1,2,2,2,2,2,3,2,2,4,2,2,2,2,1,3,2,2,2,1,5,5,1,2,5,3
STUDENT354,1,1,3,3,5,1,4,1,5,2,3,1,2,2,4,2,2,1,3,1,2,1,1,2,2,2,2,2,2,1,3,2
STUDENT355,3,5,3,4,3,2,3,3,1,2,2,2,3,2,2,2,1,3,2,2,2,4,1,2,5,1,1,1,4,2,4,3
STUDENT356,1,1,2,3,2,3,5,2,3,2,2,1,2,1,2,3,5,4,3,4,3,2,1,1,3,1,2,1,2,4,6,3
STUDENT357,3,2,1,3,2,2,1,3,3,2,5,1,1,1,2,1,2,3,2,2,2,2,2,3,2,2,2,1,3,1,8,3
STUDENT358,3,1,2,4,3,1,2,2,1,3,2,3,2,2,2,2,2,2,1,2,1,3,2,3,1,4,2,3,3,2,3,3
STUDENT359,2,2,2,1,4,3,4,2,2,1,1,3,2,2,3,1,2,2,3,1,1,1,1,3,3,3,2,1,1,5,3,2
STUDENT360,1,4,3,2,1,2,1,2,2,2,3,2,1,1,1,1,3,5,3,2,3,1,1,4,3,2,2,2,1,3,6,3
STUDENT361,2,1,2,4,1,3,2,1,2,2,5,1,4,1,5,1,2,2,3,3,5,2,5,5,1,2,1,4,2,3,6,3
STUDENT362,2,1,2,3,2,1,1,2,4,5,2,1,1,3,1,3,2,1,1,1,3,3,1,3,2,2,1,3,3,4,3,3
STUDENT363,2,3,4,2,2,3,4,3,2,1,2,4,2,1,2,4,2,2,1,1,5,3,1,2,3,3,1,2,4,2,6,4
STUDENT364,5,3,2,2,4,1,4,3,2,3,1,3,1,1,2,4,3,4,4,1,3,2,2,3,2,1,2,3,3,1,2,2
STUDENT365,2,1,4,2,1,1,2,2,3,2,5,2,2,2,2,2,2,3,2,3,3,2,2,1,4,1,2,2,1,3,4,2
STUDENT366,2,1,3,5,4,2,4,2,1,2,1,4,1,1,3,5,3,1,3,5,4,2,3,3,2,3,1,4,1,3,9,3
STUDENT367,3,2,1,2,2,2,2,3,3,1,3,2,1,2,3,1,3,4,3,1,2,4,1,3,3,1,4,2,4,2,9,3
STUDENT368,2,1,2,4,1,3,2,4,1,3,2,2,2,2,3,3,3,3,3,2,3,4,1,2,1,1,1,2,3,1,2,2
STUDENT369,2,2,4,2,2,2,1,5,4,2,5,2,2,1,2,4,1,2,3,1,2,1,3,2,2,5,2,5,1,2,3,4
STUDENT370,1,3,4,2,4,3,4,3,2,4,1,4,4,2,1,2,3,4,3,1,3,3,2,4,3,2,3,2,1,1,9,2
STUDENT371,4,1,2,2,4,5,2,1,2,1,1,3,1,2,2,2,2,1,2,4,1,2,1,3,1,1,1,2,3,3,9,3
STUDENT372,5,4,2,1,2,2,4,2,2,2,4,2,2,3,2,2,3,1,2,4,3,2,1,4,2,2,3,2,2,3,4,4
STUDENT373,5,2,3,3,3,2,1,2,2,4,1,2,3,2,3,2,2,4,3,2,2,4,4,2,1,2,3,1,2,2,5,4
STUDENT374,2,3,4,3,3,3,1,1,2,4,4,2,2,2,1,4,3,3,2,1,1,3,1,4,4,1,2,2,5,1,3,3
STUDENT375,2,2,5,2,1,3,3,2,1,4,1,2,2,2,1,4,1,1,1,2,1,3,2,1,3,1,4,2,3,2,8,3
STUDENT376,2,2,3,2,2,2,2,1,2,3,4,2,1,2,4,1,1,5,3,3,2,2,1,2,2,3,2,3,1,5,2,3
STUDENT377,1,2,2,2,3,2,1,2,1,2,3,4,1,3,2,2,3,3,5,1,3,2,4,2,3,2,2,1,2,4,5,3
STUDENT378,2,1,4,5,3,2,4,2,2,2,3,4,4,3,1,1,1,2,2,2,2,1,4,3,2,1,5,2,1,2,5,3
STUDENT379,2,4,2,4,2,2,2,3,2,3,3,1,2,3,2,1,2,1,1,2,1,2,2,2,3,1,2,3,2,1,9,3
STUDENT380,2,2,4,3,3,1,1,3,5,1,4,2,2,3,2,3,4,2,1,2,1,2,3,5,1,3,2,1,4,2,9,4
STUDENT381,3,3,2,1,1,2,5,3,1,2,1,4,2,1,1,3,1,2,3,1,2,1,1,1,4,3,1,2,3,2,7,1
STUDENT382,3,2,4,5,2,1,2,2,3,2,2,3,3,5,1,3,4,2,1,2,1,1,3,2,2,2,4,2,3,2,1,3
STUDENT383,2,4,3,2,3,1,2,2,3,3,2,3,1,2,5,3,3,1,2,1,3,4,2,2,3,2,2,2,3,3,6,4
STUDENT384,3,5,3,1,1,2,1,3,1,2,1,4,4,2,2,2,3,1,2,3,1,2,2,1,2,1,3,1,3,2,6,2
STUDENT385,1,1,3,4,2,4,1,2,4,5,1,3,4,2,2,2,4,2,3,3,3,1,2,3,3,3,2,2,1,4,2,3
STUDENT386,4,3,2,1,3,1,2,2,2,1,1,3,1,2,3,3,1,4,1,3,2,1,3,2,2,4,2,1,2,3,2,3
STUDENT387,1,2,4,3,2,2,3,2,2,4,2,4,1,3,2,2,3,1,2,3,2,2,2,4,1,2,3,2,3,3,6,3
STUDENT388,2,1,2,4,1,1,4,3,5,2,1,4,3,2,4,2,3,4,1,2,2,1,3,3,4,3,3,1,2,1,5,4
STUDENT389,2,2,3,1,5,1,1,4,3,2,2,2,2,2,2,3,1,1,2,4,2,2,3,3,4,3,1,3,3,4,3,3
STUDENT390,3,2,2,2,2,2,3,3,2,1,2,5,1,3,3,4,3,1,3,2,2,1,2,4,1,2,1,4,4,5,3,3
STUDENT391,4,5,1,4,2,1,1,1,2,3,2,2,3,4,2,2,2,1,4,2,2,2,4,4,4,3,4,1,3,2,2,3
STUDENT392,2,3,3,2,1,1,2,5,4,1,1,3,2,2,3,4,1,1,5,1,2,1,2,4,2,1,1,2,4,5,8,2
STUDENT393,3,3,1,4,3,1,3,2,3,3,2,1,3,4,4,4,3,4,1,5,2,2,1,3,2,4,2,3,2,2,8,3
STUDENT394,3,2,3,1,3,5,3,2,2,2,2,3,2,2,2,2,1,1,5,4,4,4,2,4,1,2,3,1,2,1,8,4
STUDENT395,3,4,3,2,2,3,2,5,2,4,3,3,2,2,2,3,2,4,1,1,4,1,3,1,3,1,2,3,2,4,3,3
STUDENT396,5,1,3,3,5,4,3,2,3,2,2,4,1,2,2,1,1,2,3,4,2,3,4,5,1,2,5,1,1,2,6,3
STUDENT397,4,4,3,3,4,2,2,4,1,2,4,2,1,4,1,3,4,3,4,4,2,2,2,5,4,1,2,2,2,2,3,4
STUDENT398,4,2,1,1,2,1,2,3,1,2,5,2,3,3,4,2,5,4,4,4,4,4,3,3,2,2,1,2,2,1,2,3
STUDENT399,2,2,2,4,2,1,3,2,4,2,1,1,4,3,2,1,2,3,5,1,4,2,4,1,1,4,2,2,2,2,6,2
STUDENT400,2,3,2,4,2,1,4,2,2,2,4,3,2,1,2,4,2,2,3,2,3,2,3,2,2,1,2,3,3,2,5,4
STUDENT401,2,1,2,2,1,2,2,2,3,2,3,4,3,2,4,3,1,3,2,2,1,2,2,4,4,2,1,2,4,2,7,2
STUDENT402,3,2,1,2,3,2,2,1,2,2,1,3,2,1,2,4,4,2,1,2,3,4,3,2,1,2,2,2,2,4,9,2
STUDENT403,4,1,2,2,1,1,1,2,4,2,3,1,5,1,2,4,4,1,4,4,3,2,2,1,1,1,1,4,1,2,7,3
STUDENT404,4,2,3,5,4,3,2,2,2,3,3,3,4,3,2,2,4,2,2,3,2,2,1,5,2,2,1,4,3,2,8,4
STUDENT405,3,5,2,3,3,1,2,1,2,5,1,5,3,2,2,1,2,3,4,4,3,3,3,1,1,2,4,1,5,2,7,4
STUDENT406,2,3,1,1,2,2,2,5,3,5,2,2,2,2,1,1,4,4,3,2,2,1,1,3,2,1,1,3,3,2,6,3
STUDENT407,2,1,2,3,5,4,4,1,2,1,2,2,5,1,2,3,2,3,2,2,4,4,2,2,4,1,2,2,1,2,1,3
STUDENT408,2,1,1,2,3,1,2,2,2,2,2,1,2,2,2,1,3,5,1,3,2,2,2,1,4,3,5,2,2,3,5,3
STUDENT409,2,3,2,1,3,2,2,3,2,2,2,3,4,2,1,4,5,1,2,4,1,1,1,3,2,1,2,3,1,4,5,2
STUDENT410,4,2,2,2,2,2,4,3,3,2,1,4,2,2,1,3,4,3,3,2,3,4,4,4,1,1,3,2,2,4,9,2
STUDENT411,4,1,2,2,1,2,3,2,2,2,5,4,3,4,2,1,1,3,2,3,4,2,4,2,3,2,2,3,3,2,5,2
STUDENT412,1,3,2,2,2,5,3,4,2,3,1,2,1,2,2,3,3,1,2,2,4,1,1,2,3,1,4,2,1,2,4,3
STUDENT413,3,1,3,1,4,4,2,1,3,2,5,1,5,4,2,3,1,1,2,4,2,1,2,1,2,2,1,2,2,1,4,3
STUDENT414,3,3,2,2,3,3,4,3,3,2,1,4,2,3,2,2,4,1,2,2,1,2,3,1,3,2,3,3,3,5,6,3
STUDENT415,3,2,3,4,2,2,4,2,3,1,3,2,2,2,5,1,2,2,2,3,1,3,2,3,3,2,1,4,1,4,4,4
STUDENT416,3,3,1,5,1,1,1,3,1,2,2,2,2,3,1,1,2,2,2,2,1,1,2,2,3,2,2,1,2,3,4,1
STUDENT417,2,3,2,4,2,2,3,1,3,2,4,2,2,3,2,2,1,2,2,4,4,2,5,1,1,3,2,4,3,1,2,4
STUDENT418,3,2,2,3,3,1,2,5,5,3,3,2,1,3,2,3,3,4,4,4,2,2,3,5,2,2,4,2,2,2,8,4
STUDENT419,2,2,3,1,3,2,2,2,4,2,3,2,3,2,2,1,1,5,3,4,2,1,2,5,1,1,1,4,2,2,5,2
STUDENT420,3,2,3,2,2,5,3,3,1,1,2,1,1,1,4,1,3,1,1,4,2,1,2,4,4,3,2,3,1,1,4,4
STUDENT421,2,5,2,5,3,4,2,3,2,2,1,1,1,3,2,2,1,3,2,2,4,2,2,1,2,2,2,2,2,2,2,2
STUDENT422,4,1,3,2,2,1,2,5,2,2,2,2,3,1,2,2,1,3,1,5,2,2,1,2,2,2,2,4,2,2,6,2
STUDENT423,2,2,2,2,2,1,4,4,1,3,2,4,4,1,1,2,1,1,1,1,2,5,4,1,2,1,3,1,3,4,5,2
STUDENT424,1,2,2,2,2,3,1,4,3,3,2,2,2,4,2,2,2,2,4,2,2,3,1,3,4,3,1,2,2,3,1,3
STUDENT425,2,2,1,1,1,2,1,3,2,2,2,3,3,2,3,2,4,1,3,5,2,1,1,3,2,1,2,2,3,2,1,2
STUDENT426,1,2,1,4,3,3,2,4,3,3,5,3,3,3,3,1,2,1,2,1,2,2,1,3,1,2,3,3,2,3,5,2
STUDENT427,4,2,4,2,5,3,1,2,2,3,1,2,2,2,2,2,3,3,3,2,1,1,2,3,3,4,1,1,2,4,1,4
STUDENT428,3,3,2,5,2,2,1,1,2,3,3,2,1,3,3,3,2,3,3,2,3,3,1,1,3,1,2,1,4,4,7,4
STUDENT429,2,2,3,1,5,2,1,1,2,2,2,4,2,3,3,2,5,2,2,2,2,4,3,1,1,1,3,3,3,1,5,3
STUDENT430,2,1,4,3,1,1,4,4,2,4,1,1,1,2,5,3,2,3,3,4,1,1,3,1,3,3,3,1,4,3,9,3
STUDENT431,2,3,3,4,4,2,2,1,2,3,1,5,1,1,2,3,4,3,1,4,3,3,1,3,2,2,2,3,5,2,4,2
STUDENT432,2,2,2,3,4,3,5,1,2,4,2,2,2,2,2,4,2,1,1,1,4,1,3,3,4,3,5,3,2,4,6,4
STUDENT433,2,4,3,3,2,2,2,1,4,3,3,2,1,2,1,5,2,2,1,4,2,3,2,1,3,2,1,1,1,2,4,4
STUDENT434,5,1,1,3,2,3,3,2,3,1,4,2,1,1,2,1,2,2,2,2,2,2,2,1,2,5,3,3,2,2,1,2
STUDENT435,2,3,3,2,2,3,2,2,3,2,1,2,2,3,3,2,2,3,4,4,3,1,1,2,2,1,1,2,1,2,7,2
STUDENT436,2,2,2,3,2,4,4,1,2,1,3,1,4,4,2,2,2,4,1,1,2,1,2,1,3,4,4,3,3,3,9,4
STUDENT437,3,1,3,2,5,3,1,2,2,2,4,2,1,4,2,2,2,4,2,2,1,2,3,1,3,3,1,1,1,3,4,3
STUDENT438,1,2,4,4,2,2,3,1,3,2,4,5,1,2,4,3,1,4,3,1,2,1,4,4,2,2,3,2,3,2,2,4
STUDENT439,2,3,2,3,2,1,2,1,2,1,4,2,4,2,1,1,1,2,2,3,2,2,2,4,5,4,1,4,2,1,4,3
STUDENT440,3,3,2,2,2,4,3,4,1,3,2,2,2,3,2,4,2,2,1,1,2,2,4,2,2,1,2,3,4,1,1,4
STUDENT441,1,3,1,1,3,1,1,1,3,2,5,2,2,1,2,1,3,3,2,4,1,1,3,5,2,2,3,2,1,1,6,3
STUDENT442,2,1,3,3,1,1,5,1,2,5,1,2,3,2,4,2,2,1,3,1,3,2,5,4,2,1,1,2,3,1,7,3
STUDENT443,3,2,2,1,2,3,4,1,2,4,2,2,2,2,1,3,4,4,3,2,2,4,1,2,3,5,4,1,5,2,2,5
STUDENT444,1,2,2,3,5,2,2,2,1,2,3,2,1,2,1,3,1,2,2,1,2,4,5,1,2,3,2,3,1,3,4,4
STUDENT445,3,2,1,3,3,1,2,4,4,2,2,2,1,1,3,2,4,3,2,1,2,4,1,3,1,4,2,2,4,4,7,2
STUDENT446,3,3,3,5,1,3,3,1,2,3,2,1,2,2,1,3,2,2,2,1,3,1,2,2,3,4,1,2,1,5,6,3
STUDENT447,2,2,1,2,4,2,2,2,4,2,1,3,2,5,2,2,4,2,2,2,2,2,3,2,3,3,3,2,1,2,6,4
STUDENT448,1,3,3,2,2,2,3,1,2,3,4,4,1,3,1,2,2,2,2,2,1,3,2,4,3,2,2,2,2,3,8,3
STUDENT449,3,4,2,2,2,1,3,1,1,2,4,2,4,3,2,3,2,2,1,1,1,2,2,4,2,2,3,4,2,2,7,2
STUDENT450,1,4,2,2,2,2,2,4,3,1,3,4,4,1,2,2,2,1,1,2,3,1,4,1,2,2,3,3,1,2,7,3
STUDENT451,1,1,2,3,3,2,4,1,2,1,4,2,2,1,1,1,2,4,2,1,4,1,3,3,1,2,1,3,3,2,5,1
STUDENT452,2,3,3,1,2,4,3,1,1,3,1,4,2,2,2,1,2,2,3,2,3,2,3,2,4,3,1,2,1,3,3,3
STUDENT453,4,2,3,1,5,3,2,3,2,2,3,4,2,4,1,3,5,2,2,2,3,2,2,1,1,2,4,2,4,1,3,4
STUDENT454,2,2,3,2,1,1,3,1,2,2,5,3,2,2,5,4,1,3,3,5,3,2,3,1,2,2,4,2,2,1,6,3
STUDENT455,2,2,3,1,3,4,3,2,3,1,2,3,1,3,3,3,1,3,1,1,4,4,2,2,2,1,3,4,3,2,2,4
STUDENT456,3,2,3,2,2,2,3,1,2,5,2,2,4,3,5,3,3,4,4,3,1,3,3,2,1,2,3,4,4,2,7,4
STUDENT457,3,3,4,3,1,4,2,3,1,4,2,3,4,2,2,1,1,3,2,1,2,3,2,2,2,2,2,1,3,4,5,2
STUDENT458,2,1,5,4,4,1,4,2,2,1,2,2,3,3,2,3,1,2,3,4,3,3,1,2,1,2,3,2,3,3,3,4
STUDENT459,2,1,3,3,2,2,2,1,1,4,1,2,2,3,2,1,2,2,2,4,2,3,3,4,1,2,4,2,2,2,8,2
STUDENT460,2,4,2,3,3,2,2,5,4,3,3,5,2,2,5,3,3,2,1,4,2,3,1,3,2,2,4,3,3,5,9,3
STUDENT461,5,2,3,4,2,1,2,1,2,4,2,3,2,1,3,1,4,1,2,3,2,1,5,4,1,1,4,2,5,4,3,3
STUDENT462,1,1,2,1,3,2,4,3,4,4,5,1,4,2,2,2,3,4,3,1,4,4,3,5,2,2,4,1,4,1,3,4
STUDENT463,3,1,2,1,2,4,2,1,2,2,5,2,1,1,1,3,4,1,1,2,3,1,1,1,2,1,1,2,3,4,3,3
STUDENT464,2,3,1,1,2,2,2,1,4,4,4,2,1,4,1,1,2,2,1,2,4,3,2,4,1,3,2,2,2,3,6,2
STUDENT465,1,2,4,1,3,2,2,2,2,3,1,3,2,5,2,3,2,4,3,1,1,4,1,2,2,2,1,2,5,2,4,3
STUDENT466,2,1,1,2,2,3,3,1,2,2,2,3,2,2,4,3,1,2,2,2,4,2,4,3,2,4,3,3,3,3,4,2
STUDENT467,3,3,3,1,2,4,2,3,2,1,1,3,1,3,2,4,1,2,5,4,2,3,1,1,2,3,3,5,3,1,2,3
STUDENT468,2,1,3,5,2,1,4,2,2,1,2,1,2,5,3,1,4,1,2,2,2,1,2,1,5,2,1,4,3,3,4,2
STUDENT469,2,2,3,3,1,2,1,4,2,2,4,2,1,2,3,2,2,2,3,4,2,2,2,2,2,1,3,1,3,4,8,3
STUDENT470,2,3,2,1,2,2,1,5,2,2,1,1,1,2,3,3,1,2,3,3,3,1,1,3,3,3,1,3,2,2,7,3
STUDENT471,5,1,1,4,2,3,2,4,2,3,1,2,2,1,2,2,1,3,3,2,2,1,3,4,4,2,1,1,2,2,1,4
STUDENT472,2,4,1,1,3,2,4,2,2,1,2,2,4,2,4,4,2,2,2,2,2,1,4,4,2,1,2,1,2,2,8,3
STUDENT473,2,2,3,3,2,2,3,3,2,2,2,1,3,1,3,2,3,3,2,5,2,4,3,2,1,2,3,1,1,2,5,3
STUDENT474,3,1,2,4,1,1,3,1,4,2,1,2,2,2,2,2,1,2,2,1,4,3,1,2,2,4,3,1,3,4,2,2
STUDENT475,4,4,2,4,2,2,3,2,3,1,2,3,3,1,3,2,3,2,1,2,4,1,4,2,1,1,2,1,3,2,1,3
STUDENT476,2,2,2,1,2,2,3,1,1,5,3,2,3,1,2,4,1,2,1,4,2,2,3,3,4,2,2,2,3,4,1,4
STUDENT477,4,4,4,4,2,4,4,3,2,2,1,1,1,4,4,2,1,2,4,1,2,4,3,2,3,2,1,3,1,4,5,3
STUDENT478,3,4,2,2,4,3,3,3,1,2,2,2,3,3,3,5,2,3,3,2,2,2,2,1,2,4,2,3,1,2,2,4
STUDENT479,5,2,1,1,1,5,2,2,2,1,2,2,4,2,2,5,1,3,2,1,2,1,1,2,2,2,3,2,1,2,5,3
STUDENT480,5,1,1,2,1,3,2,1,1,2,1,2,2,1,2,3,2,2,1,3,3,2,3,2,3,3,3,3,1,1,8,2
STUDENT481,2,3,1,4,3,3,2,1,3,1,2,1,2,2,2,3,3,1,2,5,2,2,3,5,2,2,2,4,3,2,8,3
STUDENT482,4,4,4,3,2,1,2,3,2,2,2,2,1,2,2,4,3,1,3,2,2,2,2,3,3,4,2,3,2,2,7,4
STUDENT483,3,2,1,3,1,2,1,1,3,4,2,2,1,3,2,1,2,3,1,2,3,3,2,1,1,2,3,1,4,3,3,3
STUDENT484,2,2,1,2,2,1,3,1,2,5,3,5,2,3,1,2,2,2,2,2,3,3,1,2,4,1,3,1,1,3,6,3
STUDENT485,3,1,2,2,3,2,2,3,2,2,2,4,1,2,2,2,3,5,2,2,3,2,1,3,1,3,2,2,3,2,4,3
STUDENT486,2,3,4,2,2,1,3,2,2,3,3,2,2,3,2,3,1,2,2,1,4,1,2,1,2,2,3,1,2,1,4,3
STUDENT487,1,2,2,1,3,1,1,2,1,2,4,4,3,3,3,3,4,2,2,1,3,3,4,3,2,4,2,1,3,5,8,2
STUDENT488,2,1,3,3,3,1,3,3,1,2,4,2,2,1,3,1,2,3,4,3,3,2,1,3,2,2,3,2,3,1,1,2
STUDENT489,1,1,2,4,1,4,2,2,2,4,2,4,3,2,3,3,2,3,1,1,4,3,3,3,3,1,1,2,2,4,7,3
STUDENT490,1,2,2,1,3,2,3,3,3,1,2,5,1,1,2,3,2,1,2,4,1,3,3,2,3,1,3,4,2,3,9,3
STUDENT491,2,2,3,2,1,2,3,4,2,3,2,2,3,3,2,2,3,4,4,3,2,2,2,4,4,2,2,3,2,4,7,3
STUDENT492,5,2,1,3,3,1,1,1,2,2,2,1,3,4,1,2,1,2,1,4,4,4,3,2,2,3,2,1,2,1,9,4
STUDENT493,4,3,1,3,2,2,4,2,4,2,2,2,1,3,1,4,4,2,3,1,2,1,4,2,3,2,2,1,2,5,5,3
STUDENT494,1,1,1,3,2,3,3,2,1,4,2,3,2,4,2,2,1,5,4,3,2,2,1,3,2,2,1,4,2,1,3,2
STUDENT495,2,1,1,2,2,2,3,4,1,3,2,2,2,2,1,2,2,1,3,2,2,3,2,2,1,1,4,2,1,4,9,2
STUDENT496,2,1,3,5,2,3,2,5,4,1,2,3,1,2,2,3,1,1,2,3,4,2,1,1,4,2,4,4,3,4,7,3
STUDENT497,4,2,3,4,3,1,3,2,4,3,3,1,3,1,1,2,2,3,2,1,2,4,2,2,2,2,2,2,3,1,4,3
STUDENT498,5,2,2,1,3,4,4,2,2,1,3,2,2,2,3,3,1,3,1,5,1,1,2,2,3,2,2,1,2,2,4,3
STUDENT499,3,1,4,2,3,2,3,3,3,1,1,1,1,1,2,3,2,1,3,1,3,4,3,3,3,1,5,3,2,1,9,3
STUDENT500,5,2,3,4,3,2,3,2,1,5,4,1,2,1,1,3,4,2,1,2,2,1,3,1,2,4,2,1,5,2,1,4
STUDENT501,1,2,5,2,2,4,4,3,2,5,1,2,3,4,4,3,2,3,2,2,2,2,1,1,3,2,2,1,3,1,1,4
STUDENT502,3,3,2,1,5,2,2,3,3,2,1,3,1,2,4,3,2,4,3,3,4,3,3,3,2,2,1,5,4,3,1,4
STUDENT503,1,1,2,2,2,1,2,1,3,2,2,3,2,3,4,2,2,3,2,2,3,3,5,2,2,2,5,2,3,3,3,4
STUDENT504,1,1,5,2,4,4,2,5,1,3,4,2,3,4,1,4,3,4,2,3,2,3,3,1,1,4,3,4,2,1,3,4
STUDENT505,2,2,2,1,1,3,3,2,1,5,3,1,1,1,1,4,1,2,5,3,2,1,2,1,2,4,1,3,1,2,1,1
STUDENT506,2,4,4,1,4,4,2,3,4,2,5,3,3,2,3,3,2,4,3,2,2,4,2,2,1,2,2,2,4,2,5,5
STUDENT507,2,2,3,1,4,3,2,2,2,1,2,1,1,2,2,1,2,1,4,4,1,2,2,2,2,2,2,4,2,1,9,2
STUDENT508,2,3,2,1,4,2,4,3,2,1,3,4,4,2,2,3,3,2,2,1,2,3,2,4,4,4,4,5,2,2,8,3
STUDENT509,2,1,2,1,2,2,3,4,5,2,2,1,2,1,2,5,3,2,4,2,4,2,1,1,1,2,1,2,4,3,9,2
STUDENT510,2,3,1,1,2,2,5,2,3,1,3,4,1,4,4,2,2,3,1,3,2,1,1,5,3,3,3,3,2,3,4,4
STUDENT511,3,2,4,3,3,3,2,2,1,3,2,1,2,2,2,4,1,3,3,2,1,2,2,2,3,2,3,3,2,3,7,2
STUDENT512,1,1,2,2,2,2,1,1,2,1,3,4,2,4,1,2,1,4,2,3,4,2,4,1,3,2,3,3,3,5,4,4
STUDENT513,2,3,2,3,2,2,2,2,3,2,2,2,2,1,2,2,3,3,3,2,5,3,2,2,3,4,2,1,2,1,3,4
STUDENT514,2,3,4,2,2,3,2,4,1,2,3,3,1,2,5,5,3,1,1,1,1,2,2,4,2,3,2,2,2,1,5,2
STUDENT515,2,4,1,2,2,5,3,2,2,3,2,2,3,2,2,2,4,2,2,3,3,5,1,2,1,1,5,5,2,4,8,3
STUDENT516,1,2,2,3,2,1,1,2,2,2,3,2,3,4,4,1,5,4,2,3,4,2,2,2,3,1,1,5,4,1,5,4
STUDENT517,2,3,1,2,1,1,3,2,2,3,3,1,2,5,2,2,2,2,2,3,1,2,3,3,2,3,3,5,2,3,3,3
STUDENT518,1,2,2,4,2,2,2,4,3,4,1,2,1,2,3,4,2,2,3,3,1,3,4,1,2,3,1,2,2,3,7,3
STUDENT519,3,3,4,4,3,2,1,4,2,1,3,1,3,1,2,1,3,1,2,1,1,1,2,2,3,2,3,2,3,1,5,2
STUDENT520,2,2,2,2,4,2,3,1,2,2,2,1,3,3,2,3,2,3,2,1,2,1,1,2,3,1,1,3,1,4,1,3
STUDENT521,2,4,2,1,4,2,3,4,3,2,3,2,4,3,2,2,4,3,3,2,3,2,3,5,2,3,1,3,2,5,8,3
STUDENT522,2,4,2,2,3,2,2,2,2,2,4,2,2,3,1,3,1,1,5,3,3,2,2,4,2,2,3,3,1,2,2,4
STUDENT523,2,2,3,3,3,2,3,1,1,3,4,3,2,4,3,3,1,2,2,2,3,4,3,3,3,4,2,5,1,3,7,3
STUDENT524,1,4,3,4,3,2,4,5,1,1,2,3,3,2,4,1,2,2,4,1,3,3,2,3,3,2,2,2,3,2,6,2
STUDENT525,4,2,1,2,4,1,3,1,4,2,2,3,1,1,1,1,3,3,3,2,2,3,3,4,2,1,3,2,3,3,3,4
STUDENT526,2,5,1,3,3,2,1,1,1,2,2,3,5,2,1,3,3,3,3,4,1,1,3,1,2,2,1,1,5,2,7,2
STUDENT527,2,1,1,2,1,4,2,2,3,1,1,3,4,3,3,1,4,2,3,3,2,3,1,4,1,2,5,2,2,2,1,3
STUDENT528,2,2,4,1,1,2,3,2,4,3,4,3,3,2,3,2,4,2,4,3,1,3,2,3,1,2,2,3,1,2,6,2
STUDENT529,4,1,4,4,2,4,3,3,5,4,2,2,3,3,2,2,1,2,2,3,3,5,3,4,5,2,4,2,3,2,4,5
STUDENT530,2,2,1,4,1,4,2,1,1,3,4,4,4,1,2,2,2,5,2,2,2,2,2,2,5,3,2,1,1,2,4,3
STUDENT531,2,2,1,2,3,3,1,4,1,1,3,1,3,2,3,1,5,2,4,3,3,1,2,3,1,2,3,1,3,2,6,2
STUDENT532,2,3,4,2,1,2,2,2,3,4,1,1,3,3,3,2,2,2,1,3,1,2,1,2,2,3,3,1,1,4,9,3
STUDENT533,1,2,2,3,1,4,3,1,3,1,1,3,1,4,3,3,3,2,2,2,2,1,2,1,4,3,3,2,1,4,6,2
STUDENT534,3,3,2,1,2,1,2,1,1,2,1,1,4,3,2,3,1,2,3,2,2,5,4,3,4,3,1,1,5,2,4,2
STUDENT535,1,5,2,4,1,4,2,2,1,1,2,1,3,1,2,1,4,4,1,2,1,2,2,5,3,4,2,2,3,3,3,2
STUDENT536,2,2,1,3,1,5,1,1,3,3,3,4,1,4,2,3,5,2,1,2,1,2,2,2,2,1,3,1,3,2,8,3
STUDENT537,2,4,2,2,5,3,1,4,1,2,1,1,2,5,2,1,2,4,1,4,1,3,3,1,4,2,3,3,2,3,1,4
STUDENT538,3,4,1,3,1,2,1,1,2,2,3,2,1,3,1,2,4,2,5,4,2,2,1,2,2,2,3,2,1,4,3,3
STUDENT539,3,2,1,2,3,1,4,2,2,2,1,2,2,4,4,2,2,4,2,4,1,1,4,2,3,2,1,1,1,2,5,4
STUDENT540,3,1,2,2,2,1,4,1,4,1,4,1,2,2,2,1,3,3,2,1,4,5,4,4,3,2,4,2,1,1,2,3
STUDENT541,1,2,3,4,3,2,1,2,2,5,2,3,2,1,3,2,1,2,1,3,3,1,2,2,4,2,3,3,3,1,5,3
STUDENT542,3,3,2,3,2,4,3,3,1,1,3,2,3,2,2,1,3,1,3,2,2,2,2,2,2,2,2,3,3,2,8,3
STUDENT543,1,2,2,1,1,4,5,2,1,1,2,4,4,1,4,3,3,3,2,2,4,4,3,2,2,1,4,5,1,3,2,4
STUDENT544,3,5,3,4,2,2,2,4,1,1,3,2,2,1,1,3,5,4,4,2,1,3,2,3,2,2,2,2,4,3,5,4
STUDENT545,5,2,3,5,1,3,2,3,4,1,2,2,2,2,3,1,1,4,3,2,2,3,2,1,5,2,2,3,4,5,9,3
STUDENT546,2,2,2,2,2,2,2,2,2,3,3,2,3,3,1,3,3,3,3,2,3,4,2,2,2,2,4,2,3,2,4,4
STUDENT547,1,4,3,2,3,2,2,1,3,4,2,5,4,2,2,2,3,2,2,1,4,2,2,2,3,1,3,1,3,2,2,3
STUDENT548,2,1,2,3,3,3,4,3,5,2,2,2,2,2,4,5,2,4,2,1,1,3,1,2,3,4,2,4,4,4,3,5
STUDENT549,5,3,2,3,4,2,1,2,3,4,2,2,2,1,1,3,3,2,1,3,2,3,3,4,2,2,2,2,3,3,9,3
STUDENT550,2,4,1,1,4,1,3,4,3,2,2,1,1,3,3,1,5,3,4,5,3,2,2,2,2,3,2,2,2,2,8,4
STUDENT551,2,3,2,4,3,2,2,4,2,2,3,4,2,2,1,2,2,1,3,2,3,2,1,1,1,3,2,3,4,3,8,3
STUDENT552,4,3,2,2,5,4,3,2,2,1,1,5,1,1,3,1,3,4,2,1,3,1,4,4,4,2,1,2,2,4,4,4
STUDENT553,2,1,1,3,2,2,4,1,2,4,1,1,1,1,3,2,3,3,2,2,1,1,1,1,3,4,4,1,2,4,7,3
STUDENT554,5,1,3,3,2,3,1,1,4,2,1,4,2,2,2,1,3,5,2,3,3,5,2,1,4,2,3,2,2,1,9,3
STUDENT555,4,3,2,2,1,2,1,4,2,2,2,1,1,2,2,3,3,1,2,4,1,2,2,1,4,2,3,3,4,5,8,3
STUDENT556,3,1,2,1,2,3,3,4,2,1,2,2,1,2,1,4,2,4,1,2,1,4,2,2,3,3,1,3,3,2,2,2
STUDENT557,5,3,2,2,5,2,1,2,1,2,2,2,2,1,2,2,4,4,1,1,3,3,3,5,2,1,2,2,3,1,4,3
STUDENT558,2,2,2,1,2,3,3,4,2,1,4,2,1,2,2,3,2,2,4,3,2,4,4,3,2,4,3,2,4,3,7,4
STUDENT559,1,1,4,2,4,1,1,2,1,2,1,2,3,2,2,3,3,3,3,2,3,2,2,3,2,5,3,2,1,4,6,2
STUDENT560,4,2,3,2,2,2,2,3,1,2,1,4,4,3,2,1,3,1,2,3,1,4,1,2,4,2,2,4,2,1,4,3
STUDENT561,2,3,2,2,3,3,5,2,5,3,3,3,4,4,3,2,1,2,3,3,1,2,2,2,2,2,3,3,1,4,1,3
STUDENT562,2,2,2,4,2,1,5,1,1,2,1,4,2,3,2,2,3,2,2,4,3,2,3,1,2,3,2,3,1,3,2,4
STUDENT563,2,2,1,3,3,3,2,1,3,2,3,2,1,3,2,3,3,2,3,2,2,1,3,1,1,5,3,2,2,3,7,2
STUDENT564,2,4,2,4,2,3,2,2,2,3,3,2,1,4,4,2,1,3,2,2,2,2,4,1,1,2,2,4,3,1,5,2
STUDENT565,1,2,4,2,2,2,2,4,2,2,1,3,5,1,2,2,2,4,4,2,4,3,2,3,4,3,2,5,5,1,7,3
STUDENT566,3,3,3,3,2,3,1,2,4,3,2,3,2,2,4,3,2,1,2,2,2,3,5,2,2,3,2,3,3,2,3,5
STUDENT567,1,1,3,2,2,2,3,2,2,1,2,2,2,4,2,1,1,2,2,2,5,2,1,1,1,2,2,1,1,1,5,1
STUDENT568,2,2,2,2,1,3,1,2,2,3,2,1,2,1,2,2,2,2,3,2,1,1,2,2,1,2,2,4,2,3,5,2
STUDENT569,1,1,1,5,2,4,4,3,3,3,2,2,1,2,2,1,4,1,2,3,2,2,3,2,2,1,2,1,3,2,1,4
STUDENT570,3,2,3,3,2,2,2,3,2,1,1,1,2,2,1,2,4,1,2,2,2,2,4,3,2,2,3,2,1,3,6,4
STUDENT571,1,3,2,3,1,3,2,2,2,4,3,2,4,3,3,2,2,3,3,5,1,5,3,3,1,3,4,2,2,1,2,4
STUDENT572,2,1,3,1,1,1,1,2,3,4,2,2,1,2,3,2,3,1,1,1,3,3,1,3,4,4,2,1,5,3,7,3
STUDENT573,2,1,1,2,3,2,1,3,1,1,2,3,2,4,4,2,2,3,4,1,2,4,2,2,1,4,2,4,4,3,9,2
STUDENT574,2,3,4,3,2,3,3,4,2,2,3,1,1,2,5,1,4,2,3,3,2,2,3,1,1,2,3,4,1,2,1,2
STUDENT575,4,4,2,3,1,2,3,3,3,2,4,2,2,2,1,1,4,2,4,1,2,2,4,1,5,2,2,2,2,2,1,2
STUDENT576,2,1,4,1,2,2,2,2,2,2,4,4,3,3,3,2,2,2,1,1,2,1,4,1,1,2,3,2,3,1,9,3
STUDENT577,3,1,4,1,5,3,2,2,1,2,1,2,1,4,1,1,2,2,3,3,2,4,2,1,2,2,1,2,2,2,9,2
STUDENT578,2,2,2,2,4,3,2,3,4,2,3,5,3,1,3,3,2,3,2,1,4,1,2,2,3,2,1,4,3,1,7,4
STUDENT579,2,2,3,2,1,1,3,1,1,4,2,2,3,3,1,2,4,2,3,1,3,2,2,3,1,1,4,4,2,3,6,2
STUDENT580,2,2,1,2,3,5,3,4,3,4,2,2,1,4,4,1,2,1,3,2,3,3,4,2,1,2,1,1,2,3,8,2
STUDENT581,2,1,2,1,4,2,2,3,2,1,3,2,4,5,1,1,3,2,2,3,2,2,1,2,3,4,2,1,3,2,8,3
STUDENT582,2,2,1,1,3,3,2,3,1,2,1,3,3,3,3,1,2,2,4,3,1,4,2,4,4,4,3,3,2,1,7,4
STUDENT583,2,3,1,2,3,1,1,2,2,1,1,4,2,2,1,1,4,3,4,2,1,2,1,2,4,1,2,2,3,1,1,3
STUDENT584,1,4,2,3,1,1,2,2,1,2,3,4,2,2,2,3,2,4,2,2,2,2,3,1,5,2,2,3,2,3,7,2
STUDENT585,2,3,4,1,2,3,3,4,3,4,2,1,2,1,2,1,2,4,1,1,2,2,1,2,4,3,3,2,5,1,1,3
STUDENT586,1,3,4,2,1,4,4,3,2,1,2,1,2,1,2,3,2,4,3,5,1,1,2,2,3,2,2,4,3,1,6,4
STUDENT587,1,4,3,3,2,2,3,2,1,4,2,2,2,1,4,4,1,1,3,2,2,2,3,4,2,1,2,2,3,4,7,4
STUDENT588,2,3,1,2,3,1,4,2,3,5,2,1,2,2,4,2,2,2,2,3,2,3,5,4,2,4,1,1,2,2,5,4
STUDENT589,2,4,4,2,2,2,2,4,1,2,3,1,3,3,2,1,2,2,1,5,2,4,2,2,2,2,1,1,1,1,5,3
STUDENT590,2,3,3,2,2,2,3,1,4,2,1,1,4,5,3,2,1,2,4,1,4,2,2,3,2,4,2,4,1,2,2,3
STUDENT591,1,3,4,2,2,3,1,3,1,2,2,1,1,2,2,3,2,2,1,1,2,3,2,2,2,2,2,2,3,3,7,2
STUDENT592,3,2,2,2,3,3,4,2,4,4,2,3,1,1,1,2,4,2,2,2,1,2,3,1,2,1,4,4,2,3,9,3
STUDENT593,2,3,2,1,3,2,3,2,2,3,1,2,2,3,3,2,1,2,1,4,3,2,2,2,4,2,2,1,1,1,5,1
STUDENT594,4,3,3,4,1,3,1,2,1,4,4,2,3,2,2,2,2,2,2,5,3,3,1,1,3,2,2,2,4,2,1,3
STUDENT595,1,1,3,2,4,1,1,2,2,5,2,3,2,2,3,2,2,1,2,2,4,1,1,1,3,3,2,3,1,2,5,2
STUDENT596,2,3,1,3,1,2,2,2,1,2,3,2,3,2,2,3,2,1,4,3,5,2,3,4,2,1,2,3,3,3,7,3
STUDENT597,4,4,3,2,3,3,2,4,3,2,3,2,3,2,2,1,2,2,3,2,3,3,3,2,2,3,1,3,4,1,1,5
STUDENT598,1,5,1,2,4,3,1,1,5,2,1,2,1,2,2,1,1,2,2,3,1,4,4,3,2,2,4,2,1,2,2,3
STUDENT599,2,1,3,1,3,3,3,1,2,3,1,1,2,2,3,2,4,4,2,4,2,4,2,2,2,4,3,4,4,2,4,2
STUDENT600,2,4,3,4,2,2,1,2,3,1,2,2,2,2,2,3,4,1,2,2,2,2,3,2,1,3,2,1,3,3,1,3
STUDENT601,3,2,1,1,2,4,2,2,1,1,1,2,1,1,2,2,2,5,1,2,3,3,4,2,1,2,3,2,3,2,6,3
STUDENT602,3,3,3,2,1,2,2,4,1,1,2,1,1,4,2,2,2,2,4,1,1,5,2,2,2,2,3,2,3,2,9,2
STUDENT603,1,1,5,3,2,1,2,4,3,3,3,3,3,5,2,1,4,2,2,3,4,5,3,1,2,3,1,3,1,3,6,4
STUDENT604,4,3,3,1,1,2,2,2,3,4,3,2,2,5,1,4,1,1,3,1,3,2,3,1,2,4,2,3,3,2,6,3
STUDENT605,1,2,5,2,2,2,1,1,3,3,2,4,2,3,1,5,1,2,3,3,2,2,2,1,2,2,3,3,1,3,5,3
STUDENT606,4,2,2,2,1,1,2,2,1,2,2,2,3,2,2,2,3,3,2,3,1,2,1,1,1,1,2,3,1,2,3,3
STUDENT607,3,3,2,2,3,2,2,3,2,1,3,1,1,2,2,3,1,3,3,4,1,3,2,4,4,4,1,3,3,2,3,3
STUDENT608,2,5,1,4,3,2,3,2,1,1,5,4,2,2,2,1,2,5,3,2,2,2,1,3,1,4,2,2,1,2,3,2
STUDENT609,2,2,2,3,3,4,2,3,1,3,4,3,1,3,2,2,3,2,2,2,3,3,1,3,5,4,2,2,3,1,9,3
STUDENT610,3,2,3,2,1,2,2,1,2,2,2,1,1,1,5,2,1,5,5,2,1,2,1,3,1,1,1,1,1,2,3,1
STUDENT611,2,3,2,1,4,2,2,1,2,5,2,3,2,2,2,1,2,3,2,4,2,2,3,3,3,2,3,3,3,1,7,3
STUDENT612,4,3,3,2,1,2,2,1,2,1,4,2,1,2,2,1,2,2,3,2,1,4,2,3,2,1,4,3,1,3,9,2
STUDENT613,2,2,3,2,3,4,1,1,2,2,4,1,4,2,4,2,3,1,2,2,2,2,2,4,3,2,1,2,2,3,2,3
STUDENT614,4,2,2,3,1,1,2,1,4,1,1,1,4,2,1,4,3,3,3,2,1,3,1,4,3,4,3,4,4,2,4,3
STUDENT615,4,2,2,5,3,1,2,2,3,2,3,2,3,2,3,2,2,3,2,3,5,2,2,4,4,1,1,2,3,2,6,4
STUDENT616,3,2,1,1,2,2,3,1,1,3,4,4,5,3,5,1,2,2,1,2,2,1,2,3,2,3,2,2,4,5,8,4
STUDENT617,3,1,2,4,3,2,1,3,1,2,1,3,1,3,2,5,2,5,3,1,3,1,3,5,1,4,1,3,2,3,5,4
STUDENT618,3,2,1,1,1,1,2,1,5,2,4,3,2,4,1,1,1,1,2,3,1,2,3,2,2,2,2,1,2,3,9,2
STUDENT619,4,1,3,2,1,3,2,2,3,2,2,2,2,3,4,2,2,4,5,3,1,2,1,1,1,2,1,2,1,2,1,4
STUDENT620,1,3,2,4,1,4,2,2,3,1,3,1,3,3,3,3,3,2,4,2,1,2,3,2,2,2,2,2,2,5,9,4
STUDENT621,2,2,1,2,2,3,2,2,2,3,5,3,2,4,3,1,2,2,4,4,1,5,1,1,2,3,3,3,3,1,6,4
STUDENT622,3,1,2,3,1,2,2,2,3,5,2,3,1,4,3,2,3,2,5,3,1,4,3,3,2,4,3,1,3,5,2,5
STUDENT623,5,4,3,2,3,2,3,2,4,2,2,3,2,4,2,2,3,2,3,4,5,5,2,3,2,4,3,1,1,2,6,3
STUDENT624,2,4,3,2,1,1,1,2,4,2,2,2,2,2,3,2,3,2,2,1,3,1,3,2,2,1,2,1,2,3,9,3
STUDENT625,2,3,3,3,4,3,2,2,5,3,3,2,1,2,1,2,3,2,1,1,4,4,2,4,3,1,2,4,3,2,1,3
STUDENT626,2,1,2,3,3,3,1,1,2,2,5,4,1,1,4,3,4,2,2,3,3,3,4,3,1,5,1,4,3,4,8,4
STUDENT627,3,2,1,1,2,2,5,2,3,4,2,1,2,3,1,1,3,1,3,1,3,2,2,4,5,1,1,2,3,4,2,3
STUDENT628,2,1,1,3,3,4,4,1,3,1,3,2,2,3,1,1,4,2,2,3,1,3,4,2,3,3,2,2,2,1,8,2
STUDENT629,2,2,2,1,4,1,2,4,2,2,1,3,4,2,3,4,4,2,1,1,1,4,5,3,1,4,3,2,4,3,2,4
STUDENT630,3,5,4,3,3,2,2,2,2,4,4,3,3,3,2,2,1,1,3,1,1,3,1,3,1,2,3,2,3,2,4,2
STUDENT631,2,3,3,1,3,4,1,2,3,1,2,3,3,1,2,2,3,2,1,4,3,2,2,1,1,2,1,4,2,2,7,3
STUDENT632,4,1,4,1,2,1,2,2,4,2,1,4,4,2,3,4,1,5,3,1,3,1,1,4,2,3,2,3,1,2,3,4
STUDENT633,1,3,2,2,3,1,2,1,2,2,2,3,5,3,2,3,3,5,4,1,2,3,2,4,4,3,1,3,4,2,5,4
STUDENT634,3,3,4,1,1,4,3,2,3,3,4,4,3,4,2,1,4,3,1,3,1,3,3,1,1,3,2,3,4,2,7,3
STUDENT635,1,2,4,1,2,5,1,4,4,3,3,4,2,1,1,4,1,5,3,2,1,2,4,2,1,2,3,1,4,2,6,2
STUDENT636,4,1,1,3,1,4,2,4,2,4,2,2,1,1,2,3,2,5,1,4,1,1,1,2,3,3,4,2,1,2,9,2
STUDENT637,3,2,2,2,1,1,2,1,4,2,3,2,2,2,2,2,4,2,2,4,1,2,3,2,2,2,1,2,1,4,9,4
STUDENT638,4,1,3,3,4,2,4,3,3,3,2,1,4,2,3,3,2,2,1,1,2,1,2,3,2,4,4,2,1,2,4,3
STUDENT639,4,5,3,2,2,2,1,1,2,3,3,1,1,2,1,2,2,2,4,2,2,1,1,4,2,2,2,4,1,2,7,2
STUDENT640,3,2,2,2,1,2,1,2,5,1,1,1,1,4,4,2,3,4,5,1,1,2,1,4,1,3,4,1,2,1,6,3
STUDENT641,5,4,2,3,1,2,2,2,2,3,3,1,2,2,2,2,2,2,2,2,3,3,1,2,2,3,2,1,4,2,3,2
STUDENT642,1,2,2,4,2,4,3,1,4,2,2,2,3,2,1,2,2,3,4,1,1,1,3,2,1,3,3,1,3,4,6,2
STUDENT643,1,2,4,3,3,1,2,2,4,2,4,2,4,2,2,4,1,1,4,4,1,1,1,2,2,4,3,2,3,2,2,3
STUDENT644,1,3,2,3,3,1,1,3,4,1,1,3,1,4,1,2,5,2,1,4,1,4,2,2,1,3,3,4,2,1,4,3
STUDENT645,1,1,2,4,3,3,3,3,2,2,1,4,1,4,2,3,1,1,2,1,1,2,3,4,5,2,4,3,1,1,3,3
STUDENT646,1,1,3,3,2,4,2,2,2,3,1,3,3,1,4,2,4,3,3,1,1,3,2,2,2,1,1,3,2,3,4,2
STUDENT647,2,2,3,1,3,1,5,1,3,4,3,2,2,2,3,2,1,1,3,2,2,1,2,3,2,3,2,1,1,2,7,2
STUDENT648,3,2,3,2,1,2,1,1,1,2,4,2,2,2,2,2,4,4,3,2,2,1,4,3,3,4,1,3,3,3,2,2
STUDENT649,5,2,2,2,2,1,1,4,2,3,3,4,3,4,4,2,4,2,2,3,2,2,4,1,2,2,2,3,5,4,9,4
STUDENT650,3,1,3,4,3,1,2,2,3,2,2,5,1,3,2,3,3,1,2,3,1,1,3,3,4,1,1,1,3,2,8,4
STUDENT651,2,4,4,3,2,2,3,2,1,4,1,3,2,1,2,2,1,3,4,1,3,1,5,3,1,2,1,2,2,2,2,2
STUDENT652,1,3,5,1,4,2,2,3,2,1,1,2,3,1,2,2,4,1,3,4,1,2,2,4,2,4,3,1,2,2,2,2
STUDENT653,1,4,4,1,3,1,3,2,2,2,1,3,3,1,4,1,4,2,3,2,1,2,3,3,2,3,2,3,4,3,9,2
STUDENT654,2,2,3,3,2,1,3,1,2,2,4,2,2,5,1,4,2,1,3,3,2,3,2,1,4,3,2,1,2,2,4,2
STUDENT655,2,3,1,4,4,2,2,2,1,1,2,5,4,2,3,2,2,2,4,1,3,1,1,1,2,2,1,3,1,2,5,2
STUDENT656,2,5,2,4,2,1,2,2,4,2,2,1,3,3,2,2,2,2,2,1,3,5,1,1,3,2,2,4,2,3,6,3
STUDENT657,1,4,1,1,2,2,1,2,1,3,4,3,2,4,2,1,2,2,2,2,2,2,2,4,2,1,4,1,4,4,5,3
STUDENT658,2,2,4,3,1,2,2,3,2,5,2,2,5,5,3,2,1,4,3,2,4,4,1,1,1,4,5,4,2,3,7,4
STUDENT659,4,1,2,2,2,1,2,1,3,2,4,3,1,1,2,4,3,3,2,4,2,2,3,3,2,3,3,2,2,3,9,4
STUDENT660,1,2,2,3,2,2,1,1,3,2,2,4,2,2,5,2,3,2,2,1,2,3,1,3,3,1,4,2,3,2,5,3
STUDENT661,3,1,2,5,4,3,4,1,3,4,2,2,1,4,4,2,2,2,1,3,3,2,3,4,3,2,4,2,2,4,3,4
STUDENT662,2,3,2,3,3,2,1,1,3,3,2,4,1,3,1,3,1,1,2,2,2,4,2,3,2,3,5,2,2,4,6,4
STUDENT663,1,5,1,2,1,2,1,3,1,3,3,4,1,2,1,2,4,2,2,1,1,1,1,4,2,1,4,4,1,1,3,3
STUDENT664,1,4,5,2,3,2,2,2,2,2,2,1,1,4,3,1,3,3,2,1,3,1,2,2,1,2,4,2,1,3,7,3
STUDENT665,3,1,1,3,2,4,1,3,1,3,2,3,2,5,5,1,1,3,2,2,2,1,2,2,1,2,1,2,4,1,7,3
STUDENT666,2,4,4,3,3,5,3,3,2,4,4,2,1,1,1,1,1,3,2,2,2,3,2,2,2,2,3,1,3,2,8,4
STUDENT667,1,2,4,1,2,2,4,3,2,2,2,4,3,5,1,2,4,2,1,2,3,1,1,2,3,5,2,4,1,2,4,4
STUDENT668,4,2,2,2,1,4,3,3,1,3,3,2,4,4,2,4,2,2,2,2,2,1,2,4,1,2,4,2,3,2,1,3
STUDENT669,1,5,3,4,3,2,1,3,2,3,3,1,2,3,3,1,2,1,3,2,3,3,5,1,2,2,1,2,1,1,9,4
STUDENT670,2,2,2,2,3,3,2,1,2,1,2,1,1,2,1,5,2,2,4,2,3,2,2,2,3,2,2,2,4,1,1,3
STUDENT671,3,3,1,4,2,4,4,1,2,2,3,2,3,2,2,4,2,1,4,3,3,4,2,1,5,2,2,2,3,2,9,3
STUDENT672,2,2,2,3,2,3,2,2,2,2,1,3,5,2,3,1,3,2,4,2,1,3,2,2,1,2,2,2,1,1,1,3
STUDENT673,2,2,3,1,1,1,2,1,4,2,4,2,4,1,2,3,2,2,4,2,4,3,4,3,2,3,4,2,2,4,4,4
STUDENT674,3,4,1,3,4,1,2,2,3,2,4,1,2,2,3,3,3,4,1,1,3,3,1,2,4,3,1,3,3,4,7,4
STUDENT675,1,2,3,2,2,4,1,3,1,1,2,1,2,2,4,2,1,1,2,2,3,4,2,1,3,2,3,1,2,2,5,3
STUDENT676,1,2,3,2,3,1,2,2,3,5,3,1,4,3,4,1,1,4,3,1,1,2,2,1,1,5,3,3,1,5,9,3
STUDENT677,2,1,4,1,2,3,3,4,2,2,1,3,2,2,1,2,3,3,2,1,2,2,4,1,1,4,1,2,3,3,3,3
STUDENT678,1,3,1,3,2,1,4,2,1,3,2,2,5,3,2,2,1,2,1,3,2,1,3,2,1,1,1,1,2,3,9,3
STUDENT679,2,1,2,4,4,1,1,3,2,3,2,2,1,1,4,2,2,3,2,1,2,3,2,2,2,3,3,2,2,1,3,2
STUDENT680,2,3,5,4,2,3,1,2,1,1,2,3,2,3,2,2,2,2,4,2,4,3,2,1,1,2,1,4,2,4,1,3
STUDENT681,5,4,3,2,4,4,1,4,4,2,4,3,2,3,1,2,2,3,2,1,3,4,3,1,1,2,3,2,1,1,5,4
STUDENT682,2,3,3,5,2,5,2,3,5,3,2,2,4,1,1,1,3,2,1,2,2,2,2,2,2,2,1,4,4,2,6,4
STUDENT683,1,2,4,2,2,3,1,2,3,2,2,1,3,1,2,1,3,4,3,2,2,4,3,3,2,2,2,3,1,4,9,2
STUDENT684,3,1,2,3,2,2,1,2,2,5,2,2,3,5,2,3,1,3,4,2,2,1,1,4,2,3,3,2,1,2,5,3
STUDENT685,2,2,1,4,2,1,1,2,2,3,1,2,2,1,3,1,4,2,2,1,3,1,2,1,5,5,2,2,4,1,4,3
STUDENT686,3,3,2,2,4,2,2,5,2,1,3,2,2,2,4,2,2,1,2,2,2,1,1,3,3,2,4,2,3,1,5,2
STUDENT687,4,2,4,2,1,2,3,2,2,2,3,2,2,1,3,1,5,5,4,2,1,4,1,1,3,3,1,3,1,3,1,3
STUDENT688,4,4,2,3,2,2,5,4,2,1,4,2,2,3,2,2,4,1,2,3,2,2,1,2,2,3,2,1,1,3,6,2
STUDENT689,1,4,1,3,3,1,3,4,1,3,1,4,1,1,2,2,5,2,2,5,3,2,2,2,4,1,1,2,2,2,7,3
STUDENT690,2,2,2,2,2,3,4,5,3,2,3,2,3,3,3,4,4,1,5,1,1,2,1,1,1,1,2,2,2,4,1,3
STUDENT691,3,3,1,2,1,2,2,4,3,1,3,4,3,1,3,3,1,3,3,2,1,1,3,2,3,4,3,3,2,1,3,4
STUDENT692,2,3,3,1,3,1,1,3,3,1,5,2,5,2,3,2,1,1,2,2,4,1,2,2,4,2,2,3,2,2,1,3
STUDENT693,3,3,3,2,1,1,1,1,2,2,3,3,2,4,3,1,1,2,1,2,2,3,1,4,1,2,5,2,2,3,9,4
STUDENT694,2,2,3,3,2,3,1,2,2,3,1,3,2,2,1,2,3,3,2,3,3,4,3,1,3,4,3,2,3,1,7,4
STUDENT695,2,2,2,2,4,3,1,4,3,2,5,2,4,2,5,1,3,2,3,1,3,4,2,2,2,1,2,3,3,2,8,4
STUDENT696,3,2,2,2,4,4,1,4,1,2,1,2,2,3,3,2,3,2,3,3,2,2,2,3,2,2,3,3,3,1,8,2
STUDENT697,5,1,4,3,1,2,2,1,3,3,2,2,1,4,2,2,5,2,5,1,1,4,5,4,3,1,2,3,3,2,8,5
STUDENT698,2,3,2,3,1,3,2,3,1,2,5,2,2,1,5,4,1,1,1,1,4,1,1,1,1,3,4,1,3,1,9,4
STUDENT699,2,4,2,1,1,4,3,4,3,1,2,2,1,3,3,2,2,4,3,2,1,4,3,4,1,1,4,2,1,4,4,3
STUDENT700,4,3,4,2,2,5,4,2,2,1,2,2,2,2,4,2,3,3,5,3,2,2,3,2,2,2,2,2,3,2,4,4
STUDENT701,2,5,3,1,2,2,3,3,2,2,1,1,3,2,2,3,4,1,3,4,1,3,2,2,2,4,2,2,1,3,2,4
STUDENT702,3,3,3,2,2,4,3,2,1,1,1,2,2,4,1,3,1,4,2,3,3,2,2,5,3,1,3,3,1,3,7,3
STUDENT703,2,4,2,1,5,1,1,1,4,2,1,2,5,3,1,1,4,2,3,2,2,4,1,1,1,1,1,2,2,5,1,3
STUDENT704,2,4,2,2,2,1,3,3,1,3,2,3,3,4,2,3,2,3,2,4,3,3,2,1,4,2,5,1,1,2,3,3
STUDENT705,3,1,4,4,3,5,1,1,3,3,4,3,2,1,2,1,2,2,1,2,2,2,2,3,2,1,3,4,2,4,7,4
STUDENT706,2,4,2,1,4,1,2,2,1,3,1,3,4,4,3,3,2,2,4,2,1,1,1,4,3,2,2,3,3,2,1,4
STUDENT707,1,4,2,3,5,2,2,4,3,3,4,3,1,2,2,4,2,2,4,4,5,1,2,4,1,3,2,1,4,3,7,4
STUDENT708,4,3,2,3,3,3,2,2,1,3,3,3,2,3,2,1,2,3,3,3,3,2,1,1,4,3,1,1,2,2,6,2
STUDENT709,1,3,3,2,1,2,5,2,2,2,2,1,1,3,1,4,3,1,3,2,3,2,4,4,1,2,2,1,4,2,8,4
STUDENT710,1,3,3,4,2,1,3,2,2,2,1,4,3,2,2,1,1,2,3,3,1,3,2,2,4,2,3,2,2,3,9,3
STUDENT711,1,4,3,1,2,1,2,2,2,1,2,4,2,2,5,1,2,5,2,2,2,3,1,2,2,2,2,1,1,2,3,3
STUDENT712,5,5,5,2,2,1,5,3,3,3,3,3,2,2,2,2,2,3,1,3,3,1,2,1,2,1,2,3,4,2,5,4
STUDENT713,4,1,2,2,2,4,3,1,3,2,2,2,2,3,1,3,3,3,2,2,2,2,4,1,2,1,2,3,1,2,2,2
STUDENT714,2,3,4,3,2,3,3,3,1,4,2,1,4,2,3,3,2,1,4,2,4,3,2,2,3,2,2,3,2,1,1,3
STUDENT715,2,2,2,2,1,5,2,1,4,2,3,1,1,2,3,4,4,2,2,1,3,3,2,1,2,1,2,3,3,1,7,2
STUDENT716,4,2,3,1,3,1,3,3,3,1,3,1,4,3,3,3,2,2,2,3,3,2,3,3,1,1,2,1,1,2,9,3
STUDENT717,2,4,3,3,2,2,3,5,2,2,4,2,1,2,2,1,3,2,1,5,2,3,2,2,1,1,2,1,4,2,5,4
STUDENT718,2,3,2,3,2,3,2,3,1,2,2,3,2,2,3,1,5,1,1,3,3,3,5,3,1,2,1,3,2,2,5,2
STUDENT719,1,3,3,3,1,5,2,4,5,1,3,2,2,3,1,1,3,1,2,2,5,4,2,1,3,1,1,4,2,4,9,4
STUDENT720,1,1,2,1,1,3,1,2,5,3,4,1,2,2,2,3,3,1,3,2,5,1,3,4,3,2,2,3,3,1,1,4
STUDENT721,2,3,2,1,2,2,2,1,2,2,5,3,2,1,3,4,5,1,3,1,2,3,4,3,2,2,1,5,1,2,1,3
STUDENT722,3,3,2,1,3,4,4,2,2,2,2,1,1,1,2,1,1,1,2,4,2,2,1,2,2,3,2,1,1,3,4,3
STUDENT723,1,2,4,2,4,2,1,2,2,3,2,3,2,1,4,2,4,1,4,2,1,3,4,3,2,4,1,1,1,4,3,2
STUDENT724,2,1,2,2,1,1,2,1,2,2,3,2,4,4,3,1,1,2,4,1,2,3,2,5,2,4,4,3,2,5,2,4
STUDENT725,2,1,3,4,3,3,2,3,2,3,1,3,2,2,1,1,3,3,2,1,3,2,1,4,1,3,1,2,5,4,4,2
STUDENT726,4,1,1,1,1,3,3,3,1,2,2,1,3,1,2,2,1,5,2,3,2,2,2,4,4,3,1,1,2,2,5,2
STUDENT727,1,3,1,3,4,2,2,2,2,3,2,4,2,2,5,3,2,1,3,2,4,3,2,3,1,4,5,2,5,4,2,3
STUDENT728,1,4,2,1,4,3,1,3,3,3,3,2,1,4,3,2,1,1,4,2,3,4,1,3,3,4,1,3,2,3,4,4
STUDENT729,3,1,4,2,2,2,2,2,4,3,1,1,4,1,3,2,2,2,2,2,1,5,4,2,2,2,3,1,5,1,4,2
STUDENT730,2,2,4,2,1,3,1,4,3,4,4,3,1,2,3,3,2,4,3,2,1,2,1,2,1,3,1,2,4,2,5,3
STUDENT731,5,3,3,4,3,4,3,2,3,2,2,2,2,1,5,4,2,2,4,1,3,2,3,3,4,2,2,2,3,1,1,4
STUDENT732,1,3,2,1,2,4,2,2,2,4,2,1,3,1,2,3,4,3,3,1,1,1,3,1,1,3,1,3,1,2,7,3
STUDENT733,2,1,2,4,1,2,3,3,1,2,2,2,2,2,2,3,1,1,2,3,4,2,1,3,3,4,2,1,2,2,8,2
STUDENT734,1,1,3,5,1,2,4,3,1,2,3,2,4,4,2,1,4,5,3,1,3,1,3,4,3,4,3,4,1,2,8,3
STUDENT735,2,1,3,2,1,4,1,1,2,1,3,1,3,4,3,3,2,1,1,4,2,4,5,1,3,1,2,4,3,4,6,3
STUDENT736,2,3,4,4,4,4,3,2,2,1,2,2,3,1,3,1,2,2,1,1,2,2,1,4,2,2,4,2,3,4,6,2
STUDENT737,3,3,2,3,1,2,2,1,1,1,3,2,4,2,2,2,1,2,3,2,4,2,2,1,2,4,4,2,3,2,2,3
STUDENT738,1,3,1,2,3,1,2,2,2,1,1,1,2,3,3,2,5,2,2,3,4,4,1,1,2,3,3,3,3,1,9,2
STUDENT739,2,4,2,4,4,3,3,2,3,2,2,3,3,1,3,2,5,2,4,2,1,4,3,1,2,3,2,3,3,1,3,4
STUDENT740,2,2,2,2,1,2,4,3,3,2,2,3,2,5,2,2,2,2,3,3,1,2,2,2,2,3,1,3,2,3,9,3
STUDENT741,3,3,4,3,3,2,2,2,1,2,1,1,1,1,4,4,4,2,1,1,4,5,2,3,2,3,4,4,2,1,7,3
STUDENT742,1,3,2,1,1,2,2,1,5,1,1,3,4,2,2,2,2,3,4,1,2,2,3,2,2,3,2,4,5,1,9,2
STUDENT743,4,3,2,3,2,3,2,1,5,2,2,4,2,1,1,1,3,3,2,4,1,2,1,2,2,3,1,1,3,3,5,4
STUDENT744,2,2,1,3,1,2,1,1,3,3,4,2,3,2,1,5,3,1,1,1,3,1,2,1,1,3,4,1,1,2,7,1
STUDENT745,3,4,1,2,3,2,1,4,4,1,2,2,1,3,1,2,1,2,3,3,3,3,4,2,3,4,3,2,2,2,2,3
STUDENT746,1,3,3,4,3,3,2,3,5,1,4,1,4,1,3,3,4,1,3,2,3,3,2,4,4,3,3,3,4,1,1,4
STUDENT747,1,3,4,2,2,2,1,3,5,2,2,1,1,1,3,1,2,3,3,3,1,2,2,5,2,3,1,2,2,2,5,3
STUDENT748,2,1,4,2,2,3,1,3,3,4,2,2,1,2,2,3,5,4,4,2,3,2,3,3,1,2,1,1,3,4,3,4
STUDENT749,1,2,2,3,3,2,4,3,3,2,1,2,2,4,1,2,1,2,4,2,1,1,4,2,3,1,3,2,3,4,4,2
STUDENT750,1,2,2,4,2,3,3,1,2,3,2,3,3,1,4,2,2,2,3,1,2,2,1,2,1,3,1,2,3,4,8,2
STUDENT751,4,4,4,3,1,1,1,2,2,2,5,2,2,2,1,3,2,4,4,2,1,4,2,1,3,2,1,2,2,2,7,2
STUDENT752,1,1,4,4,4,2,2,2,3,1,2,1,3,1,3,2,3,3,3,2,2,2,1,1,3,2,1,1,4,2,6,4
STUDENT753,1,2,1,3,2,4,3,2,1,4,4,3,4,2,2,3,3,4,2,3,4,3,1,5,1,2,3,1,4,2,6,3
STUDENT754,1,1,2,3,2,3,2,1,3,2,1,2,2,1,1,2,4,1,3,1,3,1,4,2,2,2,2,4,1,4,7,2
STUDENT755,3,2,3,2,2,3,3,3,1,4,3,1,2,3,2,4,1,4,5,2,5,2,2,3,4,4,3,2,1,2,3,4
STUDENT756,1,4,3,2,4,2,3,1,4,3,2,2,3,5,1,2,2,3,1,1,4,3,2,1,1,1,1,2,2,2,8,2
STUDENT757,3,2,3,2,2,4,3,4,2,2,4,2,3,4,3,1,3,3,3,4,1,1,1,3,2,1,4,2,1,1,2,4
STUDENT758,2,4,2,3,2,3,1,3,2,1,1,4,2,3,3,5,2,2,2,4,1,2,1,2,1,1,2,1,2,1,6,2
STUDENT759,2,2,2,2,3,2,1,3,3,4,2,5,4,1,3,4,4,2,1,3,2,2,3,2,1,3,2,4,2,2,3,4
STUDENT760,2,2,1,4,2,2,4,1,2,5,2,3,2,1,4,4,2,2,1,4,1,3,5,3,2,2,3,1,4,2,5,4
STUDENT761,4,1,4,3,4,3,2,3,5,1,2,2,2,2,2,3,3,3,2,2,1,2,1,4,3,4,1,2,1,2,4,3
STUDENT762,2,2,3,3,1,4,2,3,4,2,1,3,2,2,1,3,3,1,2,2,3,3,4,1,1,2,1,2,3,2,2,3
STUDENT763,2,1,3,2,1,3,2,3,3,2,2,3,3,2,3,3,3,2,3,4,2,3,2,3,2,3,2,3,3,2,1,4
STUDENT764,2,1,1,3,2,1,3,2,1,1,3,3,1,3,3,3,3,2,3,3,4,3,3,1,4,4,3,2,2,1,7,3
STUDENT765,2,4,1,1,3,2,1,2,2,2,3,3,2,3,3,1,2,4,4,1,2,2,2,3,4,4,1,2,4,3,8,3
STUDENT766,3,3,2,2,1,4,4,2,3,3,4,1,3,1,1,4,2,2,2,1,3,2,4,2,3,4,3,3,1,4,4,3
STUDENT767,3,1,1,5,3,2,3,2,1,3,1,4,2,4,1,2,1,3,3,1,2,2,1,3,2,2,2,4,1,1,5,3
STUDENT768,3,1,3,1,3,3,3,2,4,4,3,2,3,4,3,1,2,4,2,1,1,3,2,2,2,3,4,1,3,3,9,3
STUDENT769,5,2,1,3,2,2,1,4,4,1,2,2,2,3,2,3,2,1,1,3,4,3,1,4,2,2,1,2,3,1,3,3
STUDENT770,2,2,4,2,2,3,2,4,4,3,1,4,2,4,3,3,2,4,1,2,3,2,3,3,2,2,2,3,2,4,8,4
STUDENT771,4,5,2,3,3,2,1,2,2,1,1,1,3,1,3,3,2,5,2,2,5,2,2,1,2,3,1,3,2,3,9,3
STUDENT772,1,3,1,2,5,3,5,3,4,2,2,2,2,2,2,3,3,4,1,2,2,3,2,1,2,2,2,5,2,2,7,3
STUDENT773,2,3,3,1,2,2,2,2,2,1,3,4,2,1,2,2,3,1,1,3,1,4,2,4,1,2,1,3,1,3,2,3
STUDENT774,2,3,3,4,1,1,1,3,2,3,2,4,1,1,1,3,2,1,3,1,2,3,1,2,1,2,2,3,3,1,5,2
STUDENT775,1,2,2,1,1,1,3,4,3,1,2,3,2,3,4,4,3,3,3,1,3,3,2,4,5,2,1,3,2,1,7,4
STUDENT776,2,5,5,3,1,2,2,2,2,2,3,3,1,1,3,2,1,3,2,1,2,1,3,5,2,1,3,3,2,4,5,3
STUDENT777,1,4,3,3,3,2,2,3,1,4,1,1,3,2,3,1,2,2,3,3,3,3,4,2,2,2,3,1,1,2,7,4
STUDENT778,1,2,2,3,1,2,4,3,5,3,2,2,1,1,3,1,1,2,3,2,1,3,3,2,1,2,2,2,2,1,1,3
STUDENT779,3,1,4,1,2,1,2,5,1,3,3,2,2,3,2,3,3,3,2,3,3,4,3,2,2,3,2,1,3,3,6,2
STUDENT780,2,1,5,1,3,3,1,2,2,1,3,2,1,4,3,4,2,2,5,1,4,1,1,3,1,1,2,1,2,3,5,2
STUDENT781,2,4,3,1,3,4,3,2,2,3,3,2,4,3,3,3,1,3,1,3,3,2,3,1,3,3,2,2,2,3,9,4
STUDENT782,2,5,1,1,2,1,1,3,1,1,4,2,1,2,2,1,2,2,1,1,2,2,2,4,3,2,2,2,2,1,2,2
STUDENT783,1,1,3,2,3,2,2,3,3,1,1,1,4,2,5,1,1,2,4,2,2,2,1,3,2,4,1,1,3,3,8,3
STUDENT784,2,2,3,3,1,2,2,1,3,2,4,3,3,3,2,1,5,1,3,1,3,4,3,1,2,2,2,2,3,1,9,3
STUDENT785,3,2,1,2,2,1,1,4,1,3,3,1,4,3,2,2,3,3,1,1,1,2,2,1,1,1,4,3,1,2,8,2
STUDENT786,2,3,1,4,3,4,2,3,1,1,1,1,2,4,4,1,2,2,4,3,2,2,2,2,3,3,2,2,2,2,8,2
STUDENT787,2,3,1,2,3,1,1,2,2,3,3,2,3,1,1,3,4,2,4,5,1,2,4,2,1,5,2,3,4,5,9,3
STUDENT788,3,1,4,1,2,2,2,3,2,2,2,3,2,1,1,3,2,2,3,3,2,2,1,4,1,1,2,3,2,4,8,3
STUDENT789,2,2,1,2,1,4,1,2,1,3,3,2,1,2,2,1,2,2,2,4,2,1,2,1,2,1,2,3,1,1,9,2
STUDENT790,4,2,2,3,2,2,1,1,3,5,2,5,3,3,1,3,2,1,3,3,5,1,4,3,3,3,4,4,2,3,3,4
STUDENT791,1,3,2,2,1,2,3,1,2,2,2,5,1,2,3,2,2,2,3,2,2,2,3,3,3,2,3,2,4,2,6,3
STUDENT792,2,2,5,4,3,2,1,1,2,2,5,3,1,3,4,2,1,4,2,2,2,3,4,4,2,5,2,2,1,1,4,4
STUDENT793,2,2,2,3,2,1,2,1,3,2,3,1,1,2,2,5,3,1,2,1,3,2,1,1,1,2,4,3,2,1,7,2
STUDENT794,2,3,2,1,3,3,1,1,3,1,3,1,1,2,2,2,2,3,1,2,4,3,1,4,2,2,1,1,2,4,4,1
STUDENT795,1,3,1,1,2,3,2,1,2,2,1,2,5,4,3,2,2,2,1,3,2,1,3,1,1,3,2,3,4,2,3,2
STUDENT796,2,2,3,4,3,4,3,1,4,2,2,1,4,1,2,1,3,1,2,2,1,3,2,2,2,4,4,2,3,3,5,4
STUDENT797,3,3,4,2,1,3,1,3,2,1,1,2,1,3,1,3,2,1,1,1,3,1,3,4,5,2,1,2,2,5,2,2
STUDENT798,3,4,3,5,5,2,2,2,3,3,1,2,4,4,2,1,2,2,1,2,2,3,2,2,1,1,2,2,4,5,9,3
STUDENT799,2,4,2,1,2,2,2,2,1,1,2,2,2,3,2,3,2,3,4,3,3,3,2,1,2,3,1,2,1,2,4,3
STUDENT800,3,3,2,2,1,2,1,3,1,3,4,3,4,3,2,3,5,2,3,2,1,3,2,2,2,2,2,4,2,3,1,4
STUDENT801,4,3,4,1,2,3,1,4,4,3,1,2,2,2,2,5,3,3,2,2,5,3,1,1,2,2,3,1,2,2,5,4
STUDENT802,3,2,2,3,1,1,2,4,3,3,2,2,3,2,2,2,2,3,2,1,3,3,1,3,2,1,1,3,3,4,6,2
STUDENT803,3,1,3,3,3,3,1,4,2,2,2,4,3,1,2,1,2,2,1,2,1,2,1,5,2,1,3,3,3,2,5,2
STUDENT804,2,1,3,2,1,2,4,3,2,1,2,2,1,1,3,2,2,3,3,1,4,3,3,3,2,1,3,1,4,4,5,2
STUDENT805,1,2,3,1,5,1,3,1,2,1,3,2,4,2,4,1,4,1,2,2,1,2,4,1,2,1,1,2,1,1,7,2
STUDENT806,3,1,4,5,2,3,3,2,2,2,4,3,1,2,2,1,1,4,3,2,3,2,3,3,1,2,3,2,2,4,1,3
STUDENT807,2,4,2,4,2,2,3,1,2,3,4,3,5,3,3,3,1,2,3,3,2,1,2,2,2,2,2,2,3,2,8,3
STUDENT808,3,1,2,3,3,4,2,2,5,1,3,2,5,3,4,2,1,4,1,2,3,2,1,2,4,4,2,1,1,3,5,4
STUDENT809,4,2,2,4,3,4,5,2,3,4,2,1,2,2,1,2,1,2,1,2,1,2,1,2,3,2,1,1,4,3,9,3
STUDENT810,2,1,1,2,2,1,3,1,1,2,1,2,4,3,2,4,2,5,3,4,2,2,2,4,3,1,2,2,3,2,3,2
STUDENT811,2,3,4,4,2,4,2,1,2,3,1,3,2,1,2,3,2,3,1,1,1,2,2,3,2,4,2,1,2,2,8,2
STUDENT812,1,3,3,3,4,1,2,1,3,2,4,3,1,2,1,2,1,5,3,2,4,3,2,3,1,3,2,1,4,2,8,3
STUDENT813,1,2,1,2,2,2,3,2,1,2,2,1,5,1,2,1,4,2,2,3,3,2,3,4,4,3,4,2,2,1,6,3
STUDENT814,2,1,2,2,4,1,1,2,2,2,2,4,1,2,2,2,3,2,1,5,3,2,4,2,3,4,1,1,1,1,5,3
STUDENT815,2,1,2,3,2,2,3,2,2,3,1,4,1,2,2,2,4,2,2,1,3,2,2,5,3,4,3,1,5,3,2,3
STUDENT816,4,1,1,3,2,2,1,3,1,1,2,1,3,4,3,2,2,5,2,1,2,5,2,2,2,2,3,1,1,2,5,3
STUDENT817,2,2,3,3,1,3,1,2,2,4,2,3,1,2,3,2,2,2,2,4,3,2,2,3,3,2,2,2,3,2,8,2
STUDENT818,2,4,3,1,4,1,2,2,2,3,1,3,1,1,1,3,3,3,3,4,5,2,3,3,3,1,5,4,4,2,3,4
STUDENT819,3,1,5,3,2,2,4,1,2,3,2,2,4,1,3,3,4,1,2,3,2,5,4,1,4,3,1,2,2,2,1,4
STUDENT820,3,2,1,3,2,2,1,4,4,5,1,3,3,1,4,2,2,5,3,1,2,2,2,2,2,2,1,1,2,2,9,4
STUDENT821,1,1,1,4,1,2,4,2,1,1,2,2,2,2,2,3,2,1,1,2,1,4,3,2,2,2,4,5,2,4,7,2
STUDENT822,5,2,2,1,3,2,4,2,3,3,2,2,2,2,3,3,3,1,1,3,2,1,2,2,3,3,4,1,2,5,8,3
STUDENT823,2,3,3,2,2,5,2,4,3,1,1,5,3,2,4,2,2,1,2,2,1,4,4,4,3,3,1,1,3,1,5,3
STUDENT824,2,2,4,1,3,2,3,4,4,3,3,2,3,4,2,2,3,1,3,3,3,4,2,4,3,2,3,3,3,1,5,4
STUDENT825,3,3,1,2,2,3,2,2,3,3,1,4,1,1,3,2,1,3,3,1,1,4,3,4,3,2,4,2,2,3,1,4
STUDENT826,1,3,3,1,2,5,2,3,3,2,2,4,1,2,3,1,5,2,2,2,3,1,2,5,2,3,2,2,2,3,3,2
STUDENT827,1,2,2,3,4,2,1,2,2,2,2,4,2,4,4,2,4,1,3,2,2,2,1,4,1,3,1,4,1,2,6,3
STUDENT828,3,4,2,3,1,3,1,1,2,1,1,3,3,2,4,2,3,3,4,3,3,3,4,1,2,5,2,2,3,1,4,4
STUDENT829,1,3,3,2,3,1,4,3,4,3,2,1,4,2,2,3,4,4,4,3,1,3,2,1,3,1,1,1,5,4,4,4
STUDENT830,4,1,1,4,3,2,2,1,1,3,4,3,2,1,3,3,2,3,2,4,1,4,3,1,1,1,2,1,3,4,7,2
STUDENT831,1,3,2,2,1,2,2,2,1,2,1,4,4,1,2,3,2,3,5,3,3,4,2,1,1,2,3,3,3,4,2,2
STUDENT832,4,4,4,3,2,1,5,3,2,3,2,2,1,2,2,2,4,2,3,2,2,2,2,2,2,5,3,2,2,1,5,2
STUDENT833,3,2,3,4,1,3,2,1,3,2,3,2,2,2,2,2,3,1,2,2,2,1,1,2,3,4,3,2,1,2,3,3
STUDENT834,4,3,2,2,1,4,1,2,4,4,1,3,2,2,2,3,2,4,1,4,2,1,2,3,4,4,2,5,4,3,8,5
STUDENT835,2,2,1,3,1,3,1,2,1,4,4,2,4,1,2,2,1,3,4,2,2,2,1,3,2,3,3,3,3,2,8,3
STUDENT836,2,2,3,1,3,2,1,3,4,2,1,1,2,1,2,1,4,5,4,1,1,5,2,1,2,2,2,2,2,1,1,3
STUDENT837,1,4,3,3,2,3,4,3,2,3,2,3,1,1,3,1,1,2,1,2,4,4,4,5,2,1,4,2,2,1,5,4
STUDENT838,4,1,1,1,2,2,2,4,1,3,3,1,2,1,1,2,3,2,3,2,3,2,3,2,4,2,1,1,3,5,8,2
STUDENT839,5,4,5,3,1,2,3,2,3,1,3,2,3,2,4,2,3,3,1,3,3,4,2,3,3,1,1,3,3,3,6,3
STUDENT840,3,3,2,3,2,2,3,1,2,4,2,3,2,2,3,3,2,4,1,1,2,3,4,3,2,2,1,4,1,4,6,4
STUDENT841,1,4,2,1,2,4,2,1,4,2,2,2,3,2,1,2,2,4,3,3,5,2,2,5,2,4,2,2,4,3,6,3
STUDENT842,1,2,4,3,4,2,5,5,1,2,3,3,4,4,3,2,2,2,2,4,4,3,1,1,5,1,2,2,1,4,6,3
STUDENT843,2,3,2,1,4,2,2,2,2,5,1,3,2,1,3,1,2,3,3,1,2,4,3,2,4,2,3,5,3,2,3,4
STUDENT844,4,1,2,2,4,2,3,1,3,2,5,3,4,3,3,4,3,2,1,2,2,2,2,2,4,1,2,5,3,2,5,4
STUDENT845,2,3,1,2,2,1,3,2,2,1,2,2,1,2,1,3,3,3,2,2,2,2,2,1,1,3,3,1,1,1,3,1
STUDENT846,3,3,4,4,2,4,4,2,3,1,2,1,2,1,1,3,2,3,4,3,1,2,2,2,2,2,1,2,2,3,8,4
STUDENT847,4,2,4,3,2,1,5,4,2,2,4,2,2,1,2,1,1,2,3,3,3,2,3,2,2,3,2,1,2,2,4,2
STUDENT848,4,3,2,1,4,3,4,2,1,3,3,3,2,2,3,2,2,2,1,5,2,3,2,2,3,1,4,2,1,1,1,2
STUDENT849,1,3,1,2,4,1,3,1,1,2,2,2,4,3,2,3,2,1,3,3,1,2,4,1,3,1,1,1,3,3,8,3
STUDENT850,3,1,5,1,1,2,3,2,1,3,2,1,1,2,2,2,1,2,3,3,2,1,2,3,3,4,2,2,4,2,3,3
STUDENT851,1,1,2,2,3,2,3,2,3,4,1,3,3,1,2,2,2,3,2,2,2,2,2,2,2,3,2,2,2,2,1,2
STUDENT852,2,3,2,2,2,1,3,1,1,1,3,3,2,3,1,2,1,2,5,2,2,4,1,4,2,2,1,3,1,2,1,3
STUDENT853,1,2,3,5,2,4,2,2,1,2,1,3,4,4,2,1,3,3,2,2,2,2,4,1,4,2,3,1,4,5,5,4
STUDENT854,3,5,2,1,2,2,2,2,3,3,1,3,1,1,2,2,3,2,2,2,2,2,2,2,4,1,1,3,2,2,5,3
STUDENT855,3,4,2,2,2,3,1,3,2,3,1,2,2,3,4,2,2,3,1,2,1,1,2,1,2,2,2,3,3,1,3,2
STUDENT856,2,3,2,3,3,2,1,1,3,3,3,3,1,2,3,2,3,2,3,1,2,3,2,2,1,3,2,2,3,4,9,4
STUDENT857,4,3,1,4,1,2,3,2,2,1,5,1,2,1,2,2,2,3,3,2,1,2,2,1,2,3,2,3,2,4,1,3
STUDENT858,1,3,4,2,3,3,5,1,2,2,3,2,2,2,2,3,2,3,4,2,3,3,1,2,2,3,2,1,1,1,8,3
STUDENT859,1,4,1,1,4,1,1,3,3,4,2,2,2,2,3,2,3,3,4,2,3,5,4,3,3,2,2,1,2,2,9,2
STUDENT860,2,4,4,4,4,5,2,4,2,2,3,4,1,4,1,1,3,1,1,2,3,2,1,3,3,3,1,2,2,2,3,4
STUDENT861,1,3,1,4,3,3,5,4,2,3,3,1,4,3,1,3,2,5,2,1,1,4,3,3,5,1,3,1,1,1,3,4
STUDENT862,3,2,1,2,1,3,2,5,2,3,1,4,2,4,2,1,2,4,4,5,2,3,5,3,3,1,1,1,3,3,6,4
STUDENT863,3,1,2,2,2,5,1,3,4,2,2,4,1,3,1,4,4,1,2,2,2,3,1,5,3,4,2,3,1,2,7,3
STUDENT864,3,1,2,4,5,3,3,3,2,2,4,1,2,2,2,2,2,3,2,2,2,2,1,2,2,2,3,1,2,2,4,2
STUDENT865,1,2,2,3,4,4,2,3,2,1,4,1,2,1,4,5,2,4,2,4,2,4,4,2,5,2,3,1,5,2,4,4
STUDENT866,1,2,2,1,2,4,2,4,2,4,3,4,2,1,3,4,2,4,4,1,1,1,5,2,3,1,2,5,2,3,6,4
STUDENT867,2,2,4,3,4,2,1,2,2,1,1,2,3,4,1,2,2,3,1,1,3,1,3,2,3,2,1,2,2,3,6,3
STUDENT868,3,3,3,2,2,2,4,3,3,4,4,2,2,1,2,2,1,2,4,2,4,2,2,2,4,1,4,2,2,1,3,3
STUDENT869,4,2,5,2,4,2,3,1,4,4,2,2,4,3,3,2,4,3,2,1,5,4,1,2,1,3,3,3,4,4,6,4
STUDENT870,2,1,2,2,4,3,4,2,4,2,3,2,2,3,5,3,3,2,1,1,3,1,3,2,2,2,2,3,2,2,2,2
STUDENT871,1,4,4,4,3,1,1,2,3,2,4,1,2,2,2,2,3,1,4,1,1,1,3,3,2,3,3,2,2,2,1,3
STUDENT872,1,2,1,2,5,1,2,1,1,2,1,3,2,3,3,3,2,2,4,2,2,4,3,3,2,1,1,2,4,2,1,2
STUDENT873,4,3,1,1,3,3,3,1,1,2,2,1,2,1,1,1,4,2,2,1,2,3,2,2,3,3,1,2,2,3,5,2
STUDENT874,3,3,3,1,4,2,3,1,4,2,2,1,3,2,4,2,4,2,2,3,1,2,3,4,3,2,4,2,2,1,8,4
STUDENT875,3,1,2,4,2,2,3,1,2,4,3,2,2,3,2,3,1,4,2,3,2,2,1,3,2,2,2,2,3,1,4,3
STUDENT876,2,2,2,2,3,1,1,4,2,2,3,1,2,2,2,2,3,1,2,3,1,1,2,1,2,4,2,2,3,1,6,1
STUDENT877,2,1,2,4,2,2,2,4,2,3,2,1,2,2,1,3,1,3,1,3,1,2,4,2,1,3,3,1,4,2,7,3
STUDENT878,1,3,2,2,3,1,3,3,2,1,2,1,2,3,3,4,4,4,1,3,1,1,1,3,5,4,4,2,1,1,7,2
STUDENT879,2,4,5,2,1,1,4,2,1,5,3,2,3,2,1,4,4,3,2,3,1,5,2,3,4,2,5,1,2,4,2,3
STUDENT880,2,2,2,3,3,3,1,3,2,2,1,3,2,1,2,1,3,2,3,2,2,2,1,1,1,2,4,4,2,1,7,2
STUDENT881,2,3,4,3,5,4,4,4,4,2,4,1,1,4,4,1,1,4,1,1,3,5,2,4,3,1,2,1,2,2,8,5
STUDENT882,3,1,1,1,2,4,2,2,4,1,2,2,1,1,2,4,2,2,1,2,3,1,4,1,4,3,2,2,3,2,2,2
STUDENT883,3,1,5,2,1,3,1,3,3,3,3,1,3,2,1,2,2,3,1,4,1,1,3,2,1,2,2,2,1,2,1,2
STUDENT884,1,3,1,1,2,2,1,2,1,4,2,3,2,2,3,2,2,3,3,2,3,3,2,3,2,1,1,4,2,1,1,3
STUDENT885,4,4,3,2,2,2,2,3,3,2,2,5,2,1,1,1,2,2,2,3,4,2,2,2,3,5,2,2,4,4,3,2
STUDENT886,4,3,4,2,4,2,3,3,5,1,2,4,2,3,5,5,5,2,2,2,3,3,3,3,4,2,1,1,2,1,4,3
STUDENT887,2,2,2,3,2,3,2,2,1,1,3,3,1,2,3,1,2,2,2,3,4,3,1,1,2,4,1,2,2,2,9,4
STUDENT888,1,3,1,1,2,2,2,2,2,3,4,3,4,4,4,2,2,3,5,2,1,2,2,3,1,3,2,2,1,2,3,3
STUDENT889,3,1,3,3,1,2,2,3,1,4,4,2,2,2,2,4,3,3,4,5,1,3,2,4,1,3,3,1,2,3,1,4
STUDENT890,2,2,3,1,2,2,3,3,3,4,2,5,1,1,2,3,3,3,1,2,4,3,2,2,2,4,1,1,2,3,7,3
STUDENT891,3,2,3,2,2,4,3,3,4,3,2,3,2,1,2,3,5,2,4,4,1,2,1,1,1,2,1,3,2,3,5,3
STUDENT892,2,3,2,4,2,2,4,2,2,3,4,1,5,3,3,2,2,3,1,2,5,3,2,2,4,1,1,4,3,2,7,3
STUDENT893,3,2,1,1,1,2,1,2,2,4,2,3,2,5,2,2,3,1,5,2,2,3,2,4,1,2,5,1,1,4,8,2
STUDENT894,5,2,2,3,2,2,2,4,2,5,1,1,2,2,2,1,2,3,3,2,4,4,4,2,2,2,2,2,2,2,4,4
STUDENT895,1,3,1,2,1,4,1,3,3,1,3,2,2,1,2,4,1,5,1,5,4,2,5,3,2,3,1,2,4,3,9,3
STUDENT896,4,4,1,2,1,4,2,3,2,1,2,2,1,2,4,2,2,2,1,2,3,1,1,2,1,1,2,2,3,2,3,2
STUDENT897,3,2,2,1,3,3,5,3,1,4,2,3,2,5,5,5,1,2,3,2,2,1,1,3,2,2,4,3,2,2,4,4
STUDENT898,3,2,1,3,2,2,4,5,2,3,3,3,3,2,3,2,3,2,4,1,4,1,4,3,1,1,2,4,3,1,3,4
STUDENT899,1,1,5,3,4,3,3,1,2,2,4,1,2,4,1,1,1,4,2,3,1,2,1,5,1,1,2,1,2,1,9,2
STUDENT900,2,2,3,4,4,2,4,4,2,1,2,3,3,2,3,3,2,3,1,2,3,2,4,2,3,1,5,2,2,1,3,3
STUDENT901,1,2,2,3,5,2,2,3,3,3,2,3,4,1,5,4,3,2,1,2,3,4,2,3,4,5,2,1,4,2,1,5
STUDENT902,2,3,3,1,2,1,4,2,2,3,2,3,1,3,2,3,2,4,1,2,3,2,2,4,2,3,3,1,3,1,2,2
STUDENT903,2,2,2,3,2,1,4,2,5,3,4,5,2,3,2,3,1,1,3,1,4,2,3,2,3,1,5,4,3,4,3,4
STUDENT904,3,3,1,1,5,2,2,1,3,2,2,4,3,4,4,2,2,3,4,2,4,3,4,1,4,2,1,2,3,1,2,3
STUDENT905,1,2,3,1,5,3,1,3,2,3,3,3,4,2,2,1,5,3,2,5,2,4,3,1,1,1,3,3,3,5,1,3
STUDENT906,3,4,3,1,3,1,5,4,4,2,3,3,1,5,4,1,2,3,3,1,5,3,4,3,2,4,2,1,5,3,7,5
STUDENT907,2,2,3,3,2,2,1,2,3,1,4,4,2,4,2,3,2,2,5,4,3,2,1,1,5,3,4,4,1,3,9,3
STUDENT908,1,1,1,2,3,4,1,1,1,1,3,1,5,3,2,1,1,1,1,3,2,3,2,2,1,3,4,3,2,4,6,1
STUDENT909,2,2,5,3,2,2,2,2,3,3,1,1,3,2,1,1,1,1,4,2,2,2,4,1,2,1,4,2,3,2,4,2
STUDENT910,2,4,2,1,1,3,3,2,2,5,2,1,2,1,2,2,1,1,2,1,2,1,1,1,3,4,2,1,2,3,3,3
STUDENT911,4,4,4,3,1,3,3,2,2,1,1,3,3,1,1,3,2,1,2,2,1,2,1,2,1,1,2,1,3,4,3,2
STUDENT912,4,4,2,1,4,4,3,3,2,3,1,2,3,1,2,5,3,1,1,1,2,1,2,2,1,1,2,1,3,3,2,3
STUDENT913,1,2,2,2,2,3,1,1,3,1,3,3,3,1,3,4,4,3,2,2,5,1,1,2,1,3,3,3,2,2,9,2
STUDENT914,1,2,2,1,3,3,3,3,2,2,2,2,2,2,4,2,3,2,1,2,2,3,3,2,3,3,3,2,3,2,8,3
STUDENT915,4,2,2,2,4,3,3,2,2,2,3,3,1,4,3,1,1,2,4,3,2,2,1,2,2,2,4,4,2,1,7,4
STUDENT916,1,3,2,4,1,2,4,2,3,1,2,1,1,4,4,3,4,2,2,3,3,2,1,2,2,2,2,1,3,2,6,2
STUDENT917,3,3,5,1,2,4,2,4,1,4,2,4,3,1,3,2,1,2,3,2,3,4,2,4,2,3,2,4,3,3,6,5
STUDENT918,3,1,1,2,1,4,4,1,2,2,2,2,2,2,3,1,2,3,4,2,3,2,3,2,1,1,3,1,4,1,5,3
STUDENT919,2,2,3,2,3,3,3,2,2,3,2,2,2,2,1,2,1,2,2,2,2,4,1,3,1,4,2,2,1,1,7,3
STUDENT920,3,5,3,3,1,2,2,1,2,3,2,3,1,3,2,4,1,2,3,2,4,4,4,2,2,4,2,2,4,2,9,4
STUDENT921,1,2,4,2,3,3,4,3,2,2,2,3,3,1,5,1,2,1,2,2,2,3,3,3,5,2,2,3,3,3,2,3
STUDENT922,3,2,1,2,1,2,3,3,4,2,4,1,4,3,4,3,2,3,1,1,2,3,2,2,3,2,5,4,1,3,1,5
STUDENT923,3,5,2,1,4,1,3,3,1,2,3,2,2,5,1,2,1,2,1,2,2,2,4,2,2,4,3,2,5,2,4,3
STUDENT924,2,5,4,5,5,4,4,2,1,1,2,2,2,1,3,3,2,1,2,1,2,1,1,2,3,1,5,1,1,4,8,3
STUDENT925,2,1,4,1,3,2,3,5,1,4,4,2,1,2,4,1,4,1,3,2,1,3,2,2,2,5,3,3,1,3,2,4
STUDENT926,2,3,2,3,2,2,2,1,3,4,3,2,2,1,2,4,3,3,2,1,2,2,1,2,1,1,3,4,2,2,5,2
STUDENT927,3,1,4,2,2,1,4,2,4,1,4,4,2,3,3,5,2,3,2,1,2,3,2,4,4,2,1,2,1,1,7,2
STUDENT928,3,4,2,5,5,2,1,3,2,2,1,3,2,3,1,1,2,2,3,3,2,1,2,1,1,4,3,2,2,2,9,3
STUDENT929,2,1,2,2,1,3,4,2,4,4,3,1,2,2,3,1,2,3,4,1,2,1,1,5,4,1,2,3,3,2,7,4
STUDENT930,2,1,2,1,1,1,2,1,5,3,3,1,2,3,1,2,2,2,3,3,4,4,3,2,4,5,2,4,1,2,4,3
STUDENT931,4,2,2,3,1,1,4,3,3,4,1,2,3,2,2,3,1,3,1,3,4,1,4,1,2,1,1,2,1,5,9,2
STUDENT932,3,1,5,5,3,4,1,4,1,4,3,4,1,1,2,2,3,2,1,3,3,4,3,3,2,4,2,3,3,1,7,3
STUDENT933,2,3,2,3,1,3,5,2,1,2,3,1,1,2,1,1,1,1,1,1,3,3,2,1,2,1,2,1,3,1,2,1
STUDENT934,4,2,3,2,2,1,1,1,2,1,1,2,2,4,3,3,2,1,1,3,2,3,2,1,4,2,2,2,3,2,6,1
STUDENT935,2,3,3,1,1,1,3,1,3,3,3,2,2,3,4,3,1,2,2,1,1,2,1,3,2,2,2,2,3,3,9,2
STUDENT936,4,4,1,1,2,2,2,2,3,2,3,5,3,4,2,2,2,2,2,1,2,3,2,1,3,3,2,4,1,4,4,4
STUDENT937,3,2,1,2,1,3,2,1,1,2,1,3,5,2,1,2,2,1,1,2,1,3,3,1,5,1,1,2,1,3,7,2
STUDENT938,1,3,4,3,3,2,2,2,2,2,4,2,4,3,4,4,3,2,3,4,1,3,2,1,1,2,4,4,4,3,7,5
STUDENT939,1,2,3,2,2,4,2,3,4,2,4,2,1,3,2,1,2,1,1,3,2,2,1,5,3,2,1,2,3,1,3,3
STUDENT940,1,3,3,3,3,2,2,2,2,2,5,2,2,3,2,2,3,4,4,1,2,3,2,3,2,1,1,2,1,2,4,3
STUDENT941,2,2,3,2,4,2,2,2,2,2,1,1,2,5,4,3,1,3,4,1,2,2,2,2,1,1,2,2,4,1,5,3
STUDENT942,2,1,3,2,4,3,3,3,1,4,2,2,2,3,3,1,2,2,2,2,2,4,1,2,3,4,2,2,4,4,4,4
STUDENT943,1,2,2,2,2,1,3,2,1,3,2,2,5,4,3,2,4,2,2,4,4,1,3,2,4,2,4,2,2,4,5,5
STUDENT944,2,2,2,2,2,1,2,2,2,3,4,3,3,4,1,1,2,2,3,2,2,4,2,3,1,2,4,2,1,2,8,4
STUDENT945,4,4,2,1,2,2,1,1,1,1,3,4,2,3,2,2,1,3,5,2,2,3,1,4,2,1,2,3,2,3,7,2
STUDENT946,5,4,2,4,2,4,2,4,2,3,2,2,2,2,2,2,2,2,2,1,3,3,2,3,1,5,5,3,1,2,3,4
STUDENT947,3,1,2,1,3,2,2,2,2,2,4,1,3,2,3,3,2,2,2,3,2,3,1,2,3,2,3,3,2,2,2,2
STUDENT948,2,3,2,1,3,2,4,3,2,1,3,3,3,4,2,3,3,4,2,3,4,3,3,4,2,4,4,1,2,1,3,3
STUDENT949,5,3,2,3,2,4,2,1,2,3,1,3,3,2,1,2,3,3,3,1,2,2,3,1,3,4,4,3,2,2,4,4
STUDENT950,3,4,1,3,2,3,2,1,1,1,2,1,1,4,1,4,2,2,4,3,1,2,1,2,3,3,1,4,3,2,3,3
STUDENT951,4,3,1,1,3,5,5,1,4,3,4,3,3,2,2,2,2,4,4,3,2,2,1,3,2,1,2,2,5,2,7,3
STUDENT952,1,1,2,2,3,4,1,1,1,2,3,3,4,1,4,3,2,4,1,2,2,4,3,2,3,2,2,3,2,2,2,3
STUDENT953,3,2,3,2,2,4,4,2,1,2,3,2,4,4,3,4,3,1,3,4,2,1,4,3,2,3,2,1,2,1,3,4
STUDENT954,3,1,2,2,4,4,1,2,3,2,2,4,3,1,3,1,1,2,3,1,4,1,1,3,3,2,3,3,1,2,2,4
STUDENT955,1,4,1,2,3,2,2,2,3,2,2,4,2,3,2,5,4,2,3,1,3,1,4,1,3,2,2,1,3,2,6,2
STUDENT956,2,1,2,1,2,2,2,2,2,1,1,2,1,4,2,3,5,3,2,2,2,2,2,2,3,3,1,3,4,3,6,4
STUDENT957,4,2,4,3,1,3,1,2,1,2,3,5,1,3,5,2,3,3,2,5,3,2,4,2,3,3,3,3,2,3,1,4
STUDENT958,2,4,2,1,3,1,4,2,3,2,4,1,3,2,3,4,2,2,2,2,2,3,2,3,1,3,3,2,2,3,7,2
STUDENT959,2,1,2,1,2,3,3,2,4,3,1,3,2,4,4,2,1,3,2,3,4,2,2,2,2,2,2,1,3,3,3,4
STUDENT960,4,4,1,2,2,5,2,3,3,2,2,2,2,4,1,2,3,3,4,2,4,3,2,3,2,2,1,3,4,4,9,5
STUDENT961,2,3,1,1,2,2,1,2,4,1,2,2,2,1,1,2,5,3,1,3,2,1,3,2,5,3,2,2,1,3,3,2
STUDENT962,2,1,3,2,1,3,1,3,1,1,2,1,1,2,3,2,1,3,2,2,2,3,2,4,3,2,2,4,3,2,4,2
STUDENT963,1,1,5,2,1,1,2,2,2,1,3,3,1,2,3,3,4,1,2,2,1,2,3,2,2,5,2,3,2,3,6,3
STUDENT964,2,1,2,1,3,2,1,2,3,4,3,4,3,3,3,1,4,2,2,2,1,2,2,1,1,2,1,2,1,2,9,3
STUDENT965,2,3,3,2,2,1,1,2,1,3,4,4,2,4,2,5,3,5,4,4,1,3,2,2,3,2,2,2,2,3,3,4
STUDENT966,1,1,4,3,2,1,2,5,4,3,2,3,1,4,2,2,4,2,4,5,3,1,1,4,2,2,1,1,1,4,7,4
STUDENT967,3,1,2,1,1,1,2,5,3,2,2,1,2,4,2,1,3,2,4,3,4,5,1,3,2,2,1,2,2,5,7,3
STUDENT968,3,2,1,2,5,5,2,3,2,1,3,3,1,1,5,2,2,3,2,2,3,2,3,2,1,3,4,3,4,3,3,4
STUDENT969,2,1,2,5,2,2,1,3,3,1,2,1,1,2,4,2,3,2,3,4,3,3,1,1,1,1,4,2,2,3,8,3
STUDENT970,4,2,2,1,1,3,3,4,2,1,4,5,2,2,4,2,4,2,3,2,4,1,3,3,1,3,1,1,4,3,2,4
STUDENT971,2,4,1,2,4,2,2,1,2,3,1,3,1,2,3,2,2,2,3,3,4,4,2,2,3,2,1,4,1,1,4,2
STUDENT972,3,2,1,1,2,1,4,2,2,2,2,1,2,1,1,2,2,1,1,4,2,3,1,3,2,1,4,3,3,2,6,3
STUDENT973,2,2,3,2,2,4,3,1,3,2,1,3,2,2,4,5,2,3,4,3,2,1,2,2,4,2,3,3,2,2,8,4
STUDENT974,2,2,2,2,1,4,1,5,1,5,2,1,1,4,1,1,2,1,2,2,3,2,3,3,3,2,3,3,2,2,7,2
STUDENT975,1,1,3,2,4,3,2,2,3,3,3,2,3,4,2,3,4,1,5,1,1,2,3,1,2,2,3,1,2,1,1,3
STUDENT976,1,4,4,2,5,4,4,3,5,4,2,1,2,2,4,2,2,1,1,3,3,1,1,1,1,2,1,2,3,2,1,3
STUDENT977,2,3,2,2,2,2,4,5,1,1,2,3,2,2,3,4,2,3,1,5,2,3,1,5,2,2,1,2,4,4,8,3
STUDENT978,1,4,5,2,1,2,5,1,2,2,2,1,3,2,2,5,3,1,4,2,3,3,2,3,1,1,3,1,3,1,7,3
STUDENT979,4,1,2,2,1,1,3,4,1,2,1,1,2,1,4,1,1,3,3,1,2,4,1,1,2,2,4,1,3,1,1,2
STUDENT980,4,5,2,2,2,3,3,2,1,1,2,3,1,2,2,1,2,4,2,5,2,4,2,5,1,5,2,2,2,3,9,4
STUDENT981,2,2,2,4,3,1,3,1,3,2,1,2,2,2,1,2,3,1,3,3,2,3,1,4,2,4,1,3,2,3,6,2
STUDENT982,3,3,3,3,2,2,2,2,1,2,1,2,2,1,1,2,4,4,5,2,2,3,3,2,3,1,4,2,4,3,7,3
STUDENT983,2,3,1,1,1,2,4,2,2,5,1,3,3,4,4,4,2,3,2,2,2,2,3,3,4,2,4,2,3,3,7,3
STUDENT984,3,5,3,2,2,4,3,4,1,2,3,4,3,1,3,1,1,1,2,4,1,2,2,1,2,2,2,3,2,2,3,2
STUDENT985,3,3,2,2,1,2,2,3,3,2,4,4,4,2,2,2,2,2,4,3,1,3,2,1,1,5,2,1,3,1,3,3
STUDENT986,2,4,1,3,2,2,3,1,2,2,4,2,1,2,2,1,2,1,1,2,3,4,3,1,2,4,2,4,4,1,9,2
STUDENT987,3,3,2,3,3,3,4,2,4,1,1,1,2,3,5,2,2,4,4,4,2,5,4,1,2,1,1,1,2,2,5,5
STUDENT988,3,4,1,2,2,3,1,3,5,3,2,1,2,2,2,2,3,1,1,2,3,1,3,2,3,2,4,5,3,2,8,4
STUDENT989,2,2,3,1,4,3,2,2,2,2,3,2,2,3,2,2,2,4,2,2,4,2,1,3,1,2,3,1,3,2,8,2
STUDENT990,3,2,3,2,1,2,4,2,2,2,4,4,4,3,3,2,1,3,3,2,3,2,1,2,3,2,3,1,4,3,7,3
STUDENT991,4,2,1,2,2,2,2,2,3,2,3,2,2,1,2,3,3,3,1,4,1,2,2,2,2,1,4,2,4,4,7,3
STUDENT992,1,3,1,2,3,1,3,4,2,2,3,3,2,3,3,2,1,2,3,1,2,2,1,3,3,1,3,2,2,4,7,2
STUDENT993,1,2,2,2,2,1,1,2,2,4,1,3,2,2,2,3,3,2,3,2,3,1,1,1,2,2,1,2,4,1,3,3
STUDENT994,1,2,3,2,4,1,3,1,1,3,3,2,2,1,2,2,2,4,1,2,3,2,5,3,3,1,1,2,4,3,2,3
STUDENT995,3,4,2,1,1,1,4,1,4,5,2,2,3,2,4,1,3,3,2,3,1,1,3,4,2,3,3,2,1,1,3,3
STUDENT996,2,2,2,2,1,4,1,1,2,4,3,1,3,1,2,1,1,3,4,2,3,3,2,3,2,3,2,3,2,3,6,2
STUDENT997,3,1,3,1,3,2,5,2,2,2,5,3,3,1,2,2,2,2,3,2,2,3,2,1,3,3,4,1,2,1,9,2
STUDENT998,2,2,2,4,2,3,3,2,4,1,3,1,2,3,1,3,3,2,1,4,1,3,3,1,2,2,5,3,3,3,9,3
STUDENT999,3,1,2,5,3,1,3,3,2,1,2,3,2,2,1,2,1,3,3,4,1,1,5,3,1,4,3,3,2,2,1,3
STUDENT1000,3,2,3,3,4,2,1,1,4,3,5,2,2,2,2,3,2,2,3,2,3,2,3,2,1,3,2,1,4,1,1,2
STUDENT1001,1,1,1,2,1,2,2,5,2,1,2,2,2,4,2,2,4,1,1,3,3,2,1,2,3,2,4,1,1,2,2,2
STUDENT1002,3,5,2,1,3,2,2,3,1,1,4,4,3,2,2,1,3,3,3,1,1,2,3,1,3,3,2,4,2,2,1,2
STUDENT1003,1,1,1,2,2,2,2,3,2,2,3,1,3,2,3,3,3,1,2,3,1,2,2,5,1,1,2,2,2,2,3,4
STUDENT1004,3,5,3,2,1,3,2,2,2,4,2,1,2,3,1,2,2,2,2,3,2,1,3,2,1,1,2,3,1,3,4,2
STUDENT1005,2,1,2,3,2,5,1,2,2,2,3,3,3,4,2,1,1,2,2,2,4,2,4,2,3,3,2,1,1,2,1,4
STUDENT1006,3,1,1,5,2,2,2,1,2,2,2,3,4,3,2,3,3,5,2,2,3,2,2,2,3,2,1,2,1,3,1,3
STUDENT1007,2,5,3,2,3,3,1,1,4,5,5,5,2,4,2,1,5,2,1,1,1,3,3,1,1,3,3,2,2,3,2,5
STUDENT1008,3,1,1,4,4,1,2,3,4,3,5,1,2,3,1,1,3,4,1,2,1,4,2,2,2,2,2,1,1,3,6,2
STUDENT1009,2,1,3,2,2,3,3,3,1,3,2,2,2,3,2,2,1,4,2,2,3,3,2,2,3,2,4,2,2,2,6,4
STUDENT1010,2,2,3,2,1,1,1,3,2,3,3,1,3,2,2,1,4,2,3,2,1,4,2,4,3,2,2,2,2,5,8,4
STUDENT1011,1,1,2,2,3,3,5,4,3,3,3,3,3,1,2,3,4,1,2,1,1,2,3,1,2,4,1,1,2,3,8,3
STUDENT1012,1,3,3,5,3,2,3,3,2,2,1,2,1,5,1,4,3,3,3,2,1,2,3,2,4,2,3,3,3,2,8,5
STUDENT1013,3,1,2,4,4,4,2,3,1,1,2,2,2,2,3,4,3,2,4,1,4,1,5,1,3,3,1,2,2,2,2,3
STUDENT1014,1,2,1,3,2,1,1,1,2,2,5,2,2,1,1,1,1,3,3,2,1,3,1,1,3,4,1,2,2,2,4,2
STUDENT1015,1,2,2,1,1,1,1,3,2,1,5,4,3,4,2,2,2,1,2,5,2,2,4,3,2,2,1,1,3,2,8,4
STUDENT1016,3,2,2,3,3,4,2,3,2,4,2,2,2,3,1,2,2,2,3,2,1,2,2,2,1,3,3,3,3,1,2,2
STUDENT1017,2,4,1,2,2,3,2,1,4,3,1,1,5,2,3,3,3,1,3,4,1,3,4,2,2,2,2,2,2,3,3,3
STUDENT1018,4,1,2,3,4,2,1,5,2,3,2,3,3,2,3,2,3,5,1,2,5,3,2,1,1,2,3,3,5,3,3,4
STUDENT1019,2,4,2,3,3,4,4,5,1,2,2,1,2,3,3,3,2,5,5,1,4,1,2,1,1,1,2,5,2,1,4,3
STUDENT1020,2,2,2,1,2,1,4,1,2,1,3,2,2,4,2,2,2,1,3,4,1,3,1,1,1,2,5,4,1,2,6,4
STUDENT1021,2,2,3,3,3,1,3,2,2,1,3,1,2,3,2,3,4,2,2,5,2,2,1,2,5,2,2,1,3,2,3,2
STUDENT1022,2,2,2,3,4,1,3,2,2,3,2,1,1,2,5,2,4,3,2,1,4,2,2,4,1,4,2,3,3,5,8,4
STUDENT1023,3,2,5,3,2,2,3,4,2,3,2,1,3,1,1,4,1,2,2,4,3,2,3,4,3,4,1,1,1,3,2,4
STUDENT1024,2,2,1,2,2,2,2,2,3,5,2,2,3,3,2,2,5,3,3,2,4,4,2,3,2,2,3,2,1,1,7,3
STUDENT1025,3,3,4,1,4,1,2,1,3,3,3,5,1,4,1,1,1,3,2,2,3,3,1,2,2,4,4,3,4,4,3,3
STUDENT1026,3,1,3,5,2,1,1,2,2,2,1,2,4,3,1,2,3,1,1,3,2,2,2,2,4,2,2,1,2,2,9,3
STUDENT1027,1,1,2,4,1,1,3,2,3,3,1,3,2,2,3,1,2,2,2,1,1,2,1,2,1,2,3,4,3,4,9,3
STUDENT1028,2,4,2,2,1,2,3,3,4,4,1,2,5,4,2,1,2,3,2,1,1,5,2,2,1,2,3,2,1,4,1,3
STUDENT1029,4,1,2,3,2,3,2,1,3,2,1,4,2,2,2,3,2,2,1,3,2,1,4,4,2,2,1,2,2,2,6,2
STUDENT1030,1,2,1,4,2,3,3,1,1,2,2,2,2,2,2,5,4,4,1,4,3,2,2,2,2,1,2,3,2,2,6,2
STUDENT1031,4,1,1,3,3,1,3,1,4,3,2,2,1,2,1,2,4,3,2,2,1,5,2,2,4,3,1,1,2,2,6,2
STUDENT1032,2,2,2,1,2,4,3,3,2,1,2,2,3,1,4,2,3,2,2,3,3,3,1,4,2,4,3,2,1,2,7,2
STUDENT1033,1,3,2,5,3,2,2,2,1,1,5,1,2,3,1,5,4,2,2,1,5,4,4,1,4,1,1,2,2,2,4,4
STUDENT1034,2,1,1,1,3,1,1,3,2,2,2,1,2,1,2,3,4,3,3,2,4,2,4,3,2,1,2,1,2,2,5,3
STUDENT1035,1,4,2,1,3,1,2,2,3,3,1,2,3,4,3,2,2,3,1,3,3,2,3,3,2,4,2,3,4,2,2,4
STUDENT1036,4,4,2,5,2,3,2,2,2,4,2,1,2,1,4,2,2,2,2,4,4,2,3,3,1,2,1,2,2,4,6,3
STUDENT1037,2,2,2,1,3,1,1,1,1,3,2,3,2,2,3,3,3,2,2,2,5,2,2,2,3,1,3,3,3,2,5,2
STUDENT1038,4,3,1,3,3,2,2,3,2,4,2,2,1,5,3,4,2,2,1,2,1,4,1,2,3,1,2,3,1,2,5,4
STUDENT1039,2,1,5,3,2,3,2,4,4,2,2,2,2,4,1,2,1,3,2,1,3,2,2,3,1,3,4,1,4,2,3,3
STUDENT1040,3,2,2,3,4,3,3,1,2,2,3,3,2,1,2,3,2,1,3,1,1,1,2,1,3,2,1,5,1,1,4,2
STUDENT1041,4,5,2,2,3,2,3,5,3,2,4,2,2,3,5,2,3,2,1,3,4,3,1,4,2,5,3,1,2,3,1,5
STUDENT1042,2,3,1,3,1,3,1,2,4,1,3,1,2,1,2,1,3,3,4,1,2,4,3,2,3,2,3,2,1,5,2,2
STUDENT1043,3,1,3,2,2,3,2,3,1,2,2,3,1,3,2,4,2,2,4,2,3,4,5,2,2,1,2,1,3,4,7,2
STUDENT1044,1,4,1,5,3,1,4,2,2,2,2,3,2,3,2,2,2,3,1,1,3,3,2,2,1,2,1,1,1,3,2,2
STUDENT1045,2,3,2,4,3,4,4,5,4,4,1,1,2,4,1,2,1,2,3,1,1,1,3,2,4,3,1,2,2,2,5,3
STUDENT1046,3,2,1,1,2,2,2,4,1,5,1,1,1,3,1,2,1,4,3,3,2,3,2,1,2,2,4,3,3,4,9,2
STUDENT1047,2,1,1,4,2,2,1,3,5,2,4,2,2,3,1,5,2,2,3,5,2,3,2,1,4,2,2,3,1,2,6,3
STUDENT1048,2,2,1,1,2,2,3,3,2,2,5,1,2,3,5,1,4,1,1,1,1,2,1,2,2,2,3,1,1,5,4,3
STUDENT1049,2,2,1,2,2,3,2,2,4,2,1,4,4,3,2,1,3,1,2,3,2,3,2,2,3,2,3,1,2,1,3,2
STUDENT1050,2,2,3,2,1,1,4,2,4,1,2,1,4,3,1,2,3,3,1,4,2,3,4,3,2,3,2,2,2,2,2,3
STUDENT1051,3,4,3,3,3,2,3,2,2,2,2,5,3,2,3,2,2,1,2,4,1,2,1,1,2,1,1,4,2,1,9,2
STUDENT1052,2,2,1,2,1,4,1,4,4,1,3,2,5,2,1,1,3,3,2,3,3,2,1,3,3,1,2,2,2,4,6,4
STUDENT1053,2,2,2,1,1,3,1,3,3,2,2,5,2,5,2,4,2,4,3,3,2,1,1,3,2,1,4,1,2,3,5,2
STUDENT1054,2,1,2,1,2,2,1,2,2,3,2,4,3,2,1,1,2,2,4,3,4,2,2,2,3,4,2,1,2,2,1,4
STUDENT1055,2,2,3,5,2,5,2,2,4,2,2,5,3,2,4,2,1,3,2,4,2,5,2,2,4,1,1,1,1,2,6,3
STUDENT1056,4,3,2,3,1,2,4,2,5,1,1,3,4,2,3,2,1,2,2,1,1,2,3,1,2,3,1,1,1,2,3,3
STUDENT1057,4,3,2,1,1,3,3,1,1,3,2,2,3,2,3,2,3,5,5,3,4,1,2,2,4,4,2,1,1,3,3,4
STUDENT1058,4,3,5,2,3,4,2,3,2,1,2,5,4,2,2,2,1,3,2,2,4,2,2,2,2,3,2,2,3,4,4,4
STUDENT1059,2,2,2,5,2,1,2,2,1,4,3,1,3,1,4,3,3,4,1,2,5,1,2,1,5,2,2,1,1,2,1,3
STUDENT1060,2,2,1,3,5,3,2,2,2,3,1,2,2,3,3,2,3,4,2,3,2,1,1,4,2,2,1,4,1,2,4,4
STUDENT1061,4,3,1,5,1,4,3,2,1,2,2,1,3,3,2,1,3,3,3,3,1,1,1,1,2,1,2,2,1,2,8,1
STUDENT1062,4,2,3,2,2,3,1,3,2,4,3,2,2,2,4,1,2,4,1,1,3,1,1,4,2,3,3,3,3,3,6,2
STUDENT1063,3,1,2,5,3,3,2,3,1,2,2,2,3,2,1,2,3,5,3,2,4,3,3,3,1,1,1,2,1,1,6,2
STUDENT1064,1,3,4,2,2,3,2,2,1,1,4,1,3,2,2,5,5,3,2,2,3,2,2,4,4,1,3,3,2,1,7,4
STUDENT1065,1,1,3,1,2,2,4,2,4,2,3,2,3,3,2,1,2,1,4,1,2,4,2,2,3,3,2,2,1,1,1,4
STUDENT1066,3,2,1,1,1,1,3,3,4,1,2,5,1,3,3,4,2,5,1,4,4,1,1,3,2,1,3,1,4,2,1,2
STUDENT1067,2,2,2,4,1,4,1,1,2,3,3,2,2,2,1,2,3,2,3,3,1,2,1,4,4,1,2,2,3,1,4,1
STUDENT1068,2,1,1,1,4,1,3,3,1,3,1,1,3,1,3,2,2,3,2,1,2,4,3,3,3,2,2,5,1,4,2,2
STUDENT1069,2,1,1,2,2,4,1,1,2,2,1,2,2,4,2,1,2,2,2,1,3,2,3,2,3,4,3,3,2,2,7,2
STUDENT1070,2,1,2,2,3,3,2,2,2,1,4,2,2,2,3,1,1,4,4,2,2,1,2,1,1,3,2,4,2,3,3,4
STUDENT1071,2,4,1,2,2,4,3,4,1,2,2,1,2,3,1,2,2,2,3,3,4,1,3,3,2,2,1,2,1,1,5,2
STUDENT1072,5,2,1,2,2,2,2,1,2,2,1,2,3,2,2,3,1,2,2,3,4,2,3,2,3,1,2,2,2,1,1,2
STUDENT1073,1,2,3,2,2,2,1,4,1,1,2,3,3,2,5,3,1,3,2,4,1,2,1,2,4,1,2,2,3,2,2,4
STUDENT1074,3,1,1,2,1,2,2,3,2,3,3,3,2,2,1,5,1,2,3,4,2,1,3,3,2,2,2,3,4,1,2,4
STUDENT1075,1,3,2,1,2,2,1,3,4,3,1,2,2,1,3,3,3,2,4,4,1,1,2,5,1,3,3,2,1,2,6,3
STUDENT1076,3,2,1,1,4,2,1,1,2,1,5,2,2,2,2,1,2,3,2,2,1,3,1,2,1,1,1,1,4,3,4,2
STUDENT1077,3,1,2,3,3,3,2,2,2,2,1,4,3,3,1,1,2,4,1,2,2,2,2,2,1,2,1,2,1,2,6,3
STUDENT1078,2,1,3,3,3,3,4,2,2,2,4,2,1,2,2,2,3,4,3,3,1,3,4,1,4,3,1,2,1,2,8,4
STUDENT1079,3,3,3,3,3,1,4,1,1,2,2,2,4,4,2,3,2,2,3,3,3,2,4,4,3,2,3,2,2,4,7,4
STUDENT1080,2,4,2,1,3,3,4,1,3,4,4,2,2,3,4,2,3,4,2,2,3,2,2,2,1,3,2,3,2,3,7,5
STUDENT1081,2,3,1,2,4,1,3,1,1,2,5,2,3,2,3,3,3,2,1,1,3,3,3,2,2,3,1,4,4,1,9,2
STUDENT1082,3,3,4,3,3,4,1,5,2,2,2,1,1,2,2,3,5,2,3,1,4,2,2,2,2,1,3,5,3,1,3,4
STUDENT1083,2,2,2,3,3,1,2,1,4,4,2,2,2,1,3,3,2,2,2,5,3,4,5,3,2,3,2,4,1,2,2,3
STUDENT1084,2,2,2,3,2,1,2,3,2,2,2,2,5,2,5,1,4,1,3,1,3,1,2,5,1,5,1,2,1,4,1,3
STUDENT1085,1,3,4,2,4,3,1,3,4,2,3,3,5,3,2,2,1,4,4,3,3,3,2,2,3,2,2,4,2,2,5,5
STUDENT1086,2,2,4,1,2,1,1,2,1,2,3,2,1,1,2,4,2,3,3,1,4,3,2,2,3,3,2,1,1,2,1,2
STUDENT1087,1,4,1,1,3,2,3,1,2,2,2,1,2,3,1,2,2,2,2,4,4,4,2,2,4,1,4,3,2,3,5,3
STUDENT1088,4,4,3,1,2,1,1,2,2,3,1,2,1,3,3,2,3,2,1,2,2,2,2,2,1,2,2,2,2,4,1,1
STUDENT1089,3,2,2,3,2,1,4,5,3,2,2,1,2,5,2,5,3,5,3,2,3,1,3,1,3,3,1,1,1,2,1,3
STUDENT1090,2,2,4,2,3,3,3,5,2,3,2,3,3,2,1,3,2,4,3,2,2,4,4,3,2,2,3,3,2,3,1,4
STUDENT1091,2,3,2,1,4,3,2,1,2,2,3,5,4,3,2,3,2,3,2,4,2,1,3,1,2,2,2,1,1,2,1,2
STUDENT1092,2,3,2,3,1,4,2,2,2,4,2,3,2,1,1,2,1,4,4,3,4,2,2,3,3,2,1,1,2,1,6,3
STUDENT1093,1,1,2,1,4,2,2,3,2,3,3,1,4,3,2,1,2,3,2,1,1,2,1,3,2,2,2,2,1,5,3,2
STUDENT1094,5,1,4,3,3,2,4,2,1,2,4,1,2,1,3,1,2,4,2,3,2,2,2,4,3,4,2,1,2,1,5,4
STUDENT1095,3,3,1,4,1,3,3,4,5,1,3,3,4,2,2,1,3,2,1,2,2,3,1,3,1,3,4,3,1,2,9,3
STUDENT1096,2,2,2,1,3,1,3,2,1,1,3,1,1,2,2,2,5,1,3,2,1,4,2,4,3,1,4,2,3,4,3,2
STUDENT1097,4,2,1,2,4,3,2,2,4,4,1,4,4,2,2,2,4,2,2,4,2,2,4,2,2,3,1,1,3,2,6,3
STUDENT1098,3,2,5,2,4,2,2,4,2,2,3,1,2,1,3,1,1,3,4,3,4,2,2,1,1,2,4,2,4,2,4,2
STUDENT1099,1,2,2,1,4,1,2,2,3,1,2,2,3,4,2,3,4,1,1,2,2,1,2,1,1,5,3,4,4,4,2,3
STUDENT1100,2,2,2,5,2,2,2,1,2,2,1,1,1,2,1,3,2,1,2,1,2,3,3,3,3,2,3,2,2,3,6,3
STUDENT1101,3,1,1,2,4,1,1,1,3,4,3,1,3,1,3,2,4,2,1,2,1,3,3,4,2,1,2,1,4,3,2,3
STUDENT1102,1,4,3,3,2,1,3,3,1,4,1,2,1,2,2,3,3,1,3,3,2,1,5,4,2,3,3,2,4,2,2,3
STUDENT1103,1,3,1,4,3,2,2,2,3,2,1,5,3,2,2,5,4,1,2,5,2,2,1,3,1,2,3,2,2,1,3,4
STUDENT1104,1,2,4,5,2,1,5,2,3,4,1,2,1,3,1,2,4,3,1,2,5,3,3,1,2,3,3,4,3,5,3,5
STUDENT1105,1,1,2,1,2,3,5,3,2,5,1,1,2,4,3,2,2,1,2,2,4,1,2,3,3,1,3,1,3,2,7,2
STUDENT1106,2,5,1,3,2,2,2,2,3,3,1,4,4,3,1,2,2,2,2,4,2,4,2,1,3,2,3,3,2,2,9,4
STUDENT1107,1,2,1,2,4,4,2,2,2,4,3,2,3,1,2,3,1,2,2,1,1,2,2,2,2,3,3,4,2,4,4,2
STUDENT1108,3,1,5,1,3,1,4,4,4,2,5,3,4,1,4,1,1,2,2,2,2,2,2,2,2,1,3,2,3,3,3,3
STUDENT1109,3,3,2,2,5,2,2,1,2,2,3,2,1,2,3,2,4,2,2,2,1,2,4,1,2,1,2,1,2,5,5,2
STUDENT1110,3,5,2,2,3,3,4,1,1,1,4,5,2,2,3,1,2,3,4,2,1,1,1,3,2,2,2,1,2,2,3,3
STUDENT1111,2,2,3,1,1,2,3,3,2,3,1,1,3,2,2,2,1,5,3,1,4,3,2,2,1,3,1,1,1,1,5,3
STUDENT1112,2,4,2,1,2,1,3,2,3,2,1,1,3,2,2,4,3,5,1,5,2,4,2,4,5,1,4,5,1,3,7,4
STUDENT1113,2,2,3,4,1,3,2,3,3,2,1,1,1,2,3,3,4,2,3,5,3,3,4,3,4,3,3,1,2,3,3,3
STUDENT1114,3,2,2,1,2,5,2,3,3,1,4,1,1,2,4,4,2,3,1,1,2,2,1,2,2,2,3,3,1,1,1,3
STUDENT1115,1,2,1,3,3,2,2,2,2,1,2,3,4,2,4,3,2,2,2,2,3,3,3,3,1,3,2,2,3,2,3,3
STUDENT1116,5,1,5,3,2,2,4,3,5,2,1,2,3,2,1,3,2,1,2,3,1,1,2,1,1,1,2,2,3,2,6,3
STUDENT1117,1,2,4,3,3,1,5,2,3,1,1,2,4,2,1,3,2,2,2,2,2,4,3,2,4,2,2,2,1,3,1,3
STUDENT1118,3,4,1,2,4,2,3,5,2,2,3,2,1,2,1,4,1,2,2,3,2,1,4,4,1,3,1,2,1,2,7,3
STUDENT1119,3,2,3,2,2,1,3,4,1,2,2,2,3,2,1,4,1,5,2,2,3,3,1,4,4,2,2,2,1,1,1,3
STUDENT1120,4,4,2,4,2,1,2,2,1,2,2,4,4,1,1,4,4,4,3,3,4,2,1,4,3,2,2,2,1,4,9,5
STUDENT1121,5,2,2,1,2,1,2,3,2,3,1,1,2,2,3,3,2,1,2,4,2,3,2,1,3,2,4,4,4,2,1,3
STUDENT1122,1,2,2,2,2,2,2,3,2,2,3,3,4,5,2,2,2,3,1,2,3,3,5,3,4,4,3,3,2,2,9,3
STUDENT1123,3,2,2,2,4,1,2,2,2,1,2,2,2,3,3,3,4,1,4,1,2,3,5,2,1,3,2,2,3,2,4,4
STUDENT1124,1,1,3,1,3,1,1,2,2,2,3,2,3,2,2,2,2,2,2,5,1,2,2,2,3,1,1,4,3,1,1,2
STUDENT1125,2,2,2,3,2,4,2,2,2,2,1,3,2,2,1,1,2,2,5,3,2,2,2,2,3,1,2,2,3,5,7,3
STUDENT1126,1,2,5,3,4,1,3,2,2,3,1,2,2,1,1,3,4,4,1,2,3,1,2,2,3,3,1,4,2,4,5,2
STUDENT1127,1,1,3,1,4,5,2,2,1,3,2,4,2,2,1,2,2,3,3,4,1,1,3,4,1,3,3,2,3,3,4,3
STUDENT1128,2,3,4,3,3,1,3,3,1,3,3,2,2,2,4,4,2,1,1,4,2,2,5,2,4,2,2,2,2,5,1,4
STUDENT1129,2,1,3,2,3,1,1,2,4,3,1,5,2,2,3,4,3,1,3,2,2,1,2,2,1,2,3,3,4,3,6,3
STUDENT1130,1,3,2,3,1,2,4,1,4,2,1,3,2,2,3,2,3,2,3,4,3,2,1,2,4,3,2,4,4,2,4,4
STUDENT1131,4,1,2,2,3,3,1,2,1,4,2,2,2,2,1,2,1,1,1,4,2,3,3,1,4,4,2,3,3,1,1,2
STUDENT1132,3,3,3,3,4,2,1,3,3,3,1,1,2,2,2,2,1,2,4,2,4,2,2,2,1,2,2,1,1,2,8,2
STUDENT1133,2,1,2,2,3,2,2,3,1,2,1,2,3,1,2,4,5,2,1,3,1,5,2,1,2,2,3,1,3,1,3,2
STUDENT1134,4,3,2,3,2,1,3,3,2,2,2,1,4,1,1,1,1,2,2,1,1,2,2,2,2,1,3,2,3,2,7,3
STUDENT1135,3,1,3,1,2,1,2,2,3,2,1,2,5,1,2,2,2,3,3,1,2,2,2,2,3,2,3,2,4,5,7,4
STUDENT1136,2,2,4,4,2,5,3,3,2,1,3,2,3,2,1,3,2,2,3,2,2,1,1,2,2,3,1,1,4,2,3,3
STUDENT1137,4,4,1,1,5,3,3,1,3,4,4,2,4,2,2,2,2,3,1,2,2,2,2,4,2,4,2,2,2,1,6,3
STUDENT1138,2,1,1,1,4,3,2,2,2,2,4,2,4,4,4,3,1,2,2,2,3,3,3,1,2,1,3,4,5,3,8,2
STUDENT1139,3,2,2,4,2,1,3,1,1,1,4,2,3,4,3,2,3,2,3,1,3,2,2,4,2,1,5,1,2,2,3,2
STUDENT1140,3,3,3,1,4,3,2,3,2,2,2,3,3,1,3,2,2,2,2,5,1,3,2,3,2,2,3,3,4,2,3,3
STUDENT1141,3,3,1,2,4,1,2,2,1,2,2,3,3,1,2,2,3,3,2,1,2,5,2,4,4,4,3,3,2,3,4,4
STUDENT1142,2,1,4,2,1,1,3,2,3,1,3,4,3,4,2,1,2,3,2,4,2,1,1,5,2,4,1,2,4,1,5,3
STUDENT1143,2,3,3,1,2,3,2,4,3,2,1,3,2,1,1,4,2,1,1,1,5,4,1,2,1,2,2,4,1,2,9,2
STUDENT1144,1,1,3,3,3,2,3,2,1,2,3,1,2,5,3,2,3,3,3,4,1,2,2,2,3,1,3,2,3,3,7,2
STUDENT1145,3,3,4,2,3,2,4,1,4,3,3,3,2,1,1,1,3,2,1,2,2,1,1,2,4,2,4,2,4,5,8,4
STUDENT1146,1,2,2,3,3,4,3,2,2,1,4,3,1,5,1,5,3,3,5,2,3,5,1,1,4,1,2,1,2,3,2,5
STUDENT1147,2,4,1,1,2,2,2,1,2,3,2,4,3,2,1,2,2,2,4,3,1,5,2,1,2,2,3,1,2,2,1,2
STUDENT1148,1,1,4,1,1,2,3,1,2,2,3,5,5,2,1,2,1,3,1,5,2,1,1,3,2,2,3,1,4,4,3,4
STUDENT1149,1,2,2,2,1,1,1,1,2,5,1,2,4,1,1,2,3,1,2,5,1,1,1,1,1,1,1,2,4,1,4,1
STUDENT1150,3,3,2,4,3,2,1,1,2,5,1,3,2,5,2,3,3,2,2,1,2,2,2,3,1,3,2,5,1,4,7,4
STUDENT1151,2,2,3,3,5,1,2,3,3,2,3,2,1,2,1,2,3,2,1,3,1,2,3,2,1,1,2,3,3,4,8,2
STUDENT1152,4,3,3,2,1,3,2,3,2,2,1,1,1,3,2,2,2,1,4,3,2,2,1,1,1,4,3,3,2,2,5,2
STUDENT1153,2,2,2,2,2,3,3,2,3,4,3,4,2,2,1,4,3,4,2,1,2,1,2,2,3,2,1,2,3,4,4,3
STUDENT1154,3,2,1,3,4,5,2,3,3,3,2,2,4,1,1,3,2,3,1,2,4,1,2,1,3,1,1,2,4,3,6,3
STUDENT1155,2,5,3,4,2,1,2,2,2,2,2,1,1,1,2,1,2,1,1,2,5,2,1,2,1,2,2,3,3,3,7,3
STUDENT1156,5,1,1,4,3,4,1,4,2,2,4,3,5,4,1,1,1,2,2,2,4,3,3,2,4,4,1,3,2,4,3,4
STUDENT1157,2,1,2,2,3,1,2,4,4,2,1,1,2,4,1,1,2,2,2,1,3,1,1,1,3,2,1,4,3,2,5,2
STUDENT1158,3,1,3,2,2,4,4,1,2,2,1,2,4,4,2,2,2,2,1,3,1,1,1,3,2,2,1,4,2,1,6,3
STUDENT1159,2,2,2,4,1,2,2,1,3,1,2,4,4,3,3,2,2,4,2,3,4,2,2,2,1,2,2,3,1,1,9,4
STUDENT1160,2,2,1,3,2,1,1,2,4,2,1,2,1,2,2,3,2,1,2,3,1,1,2,3,4,3,2,3,3,2,2,4
STUDENT1161,4,4,2,2,4,5,3,3,2,3,3,2,4,1,2,3,2,4,2,3,2,1,4,1,4,1,1,4,3,5,6,3
STUDENT1162,1,4,2,1,4,4,1,2,3,4,3,3,3,4,1,2,1,3,4,1,2,2,1,2,1,2,1,4,1,1,3,2
STUDENT1163,3,4,2,1,3,2,1,2,3,1,1,2,4,2,3,2,2,5,2,4,3,3,1,4,2,3,1,2,2,3,4,2
STUDENT1164,2,1,3,1,2,3,3,3,2,3,2,2,2,1,2,2,2,2,2,3,2,2,4,4,2,3,4,4,2,1,3,2
STUDENT1165,2,1,4,5,2,2,2,1,5,1,2,2,4,2,4,2,2,3,1,2,2,2,3,2,2,1,4,1,3,3,6,2
STUDENT1166,4,4,2,2,3,3,1,1,2,1,3,2,3,2,2,4,2,2,1,3,4,1,2,3,5,1,3,3,2,2,4,3
STUDENT1167,3,1,1,2,1,2,2,2,4,5,2,1,2,1,4,4,3,1,3,1,1,4,1,3,2,3,2,5,2,3,6,2
STUDENT1168,3,1,4,1,3,1,1,1,2,4,2,3,1,2,3,3,1,2,3,3,2,2,1,3,4,1,1,1,2,2,4,2
STUDENT1169,2,1,3,3,4,3,2,4,2,2,3,2,2,1,3,3,1,2,1,1,2,2,3,2,3,1,1,5,1,2,7,3
STUDENT1170,3,2,2,3,2,3,1,2,3,2,2,2,4,1,1,5,2,2,1,2,1,1,2,3,4,1,2,2,1,1,9,1
STUDENT1171,2,1,1,1,2,4,1,2,3,2,3,2,5,2,4,2,1,2,3,2,2,3,4,2,1,2,3,1,2,1,9,3
STUDENT1172,2,1,4,1,1,3,2,1,2,4,2,2,4,2,4,2,2,2,2,2,2,1,1,2,1,2,4,2,1,1,6,1
STUDENT1173,4,2,5,3,2,1,1,2,1,4,3,4,2,2,4,2,3,4,2,1,3,4,1,2,3,2,1,4,1,2,4,3
STUDENT1174,4,1,3,1,1,2,1,2,4,3,4,1,2,3,2,1,1,1,3,2,3,1,3,1,1,4,5,1,2,2,2,2
STUDENT1175,2,2,1,2,2,2,4,5,1,1,1,2,2,3,4,2,4,3,1,1,5,1,2,2,2,1,1,2,2,2,6,3
STUDENT1176,4,3,2,2,1,5,4,4,2,3,2,3,2,1,2,3,2,3,3,2,2,4,2,2,4,2,1,1,3,2,5,2
STUDENT1177,2,3,3,2,3,2,2,3,4,5,4,3,4,2,1,3,1,2,2,1,2,2,4,3,3,1,1,2,3,1,9,4
STUDENT1178,2,2,2,3,1,4,1,3,2,4,1,3,1,3,4,1,2,2,2,2,2,2,1,1,2,5,2,2,3,2,2,3
STUDENT1179,3,3,1,1,2,2,1,2,2,1,2,3,2,2,3,1,3,3,1,2,1,1,3,2,4,3,4,4,2,1,5,2
STUDENT1180,3,4,3,3,2,3,2,2,4,1,1,3,3,3,2,4,2,4,1,2,2,3,1,1,1,3,4,2,2,5,6,2
STUDENT1181,2,1,1,4,1,3,2,3,1,2,2,3,1,2,1,1,4,4,1,1,3,4,1,3,2,2,3,1,2,1,7,3
STUDENT1182,4,1,2,3,4,4,3,3,3,1,1,2,2,3,2,1,3,1,2,1,1,3,2,3,1,1,1,2,1,2,6,3
STUDENT1183,3,2,1,2,3,2,2,5,4,2,2,1,2,2,3,2,3,1,5,1,5,1,5,2,2,1,2,3,4,3,2,3
STUDENT1184,2,1,1,2,4,1,1,5,2,2,3,3,1,2,3,2,3,2,4,1,4,2,3,3,2,1,3,2,3,2,2,3
STUDENT1185,1,1,3,3,2,1,2,3,2,1,1,2,2,3,1,2,1,3,2,2,2,2,5,1,1,2,3,4,1,2,5,3
STUDENT1186,3,2,1,2,3,2,3,2,4,1,4,4,1,3,2,1,1,1,3,3,1,1,2,1,2,3,4,2,4,3,4,2
STUDENT1187,2,2,2,3,4,1,2,2,2,1,1,4,2,2,1,3,3,4,4,2,1,2,3,2,4,2,2,2,3,2,3,3
STUDENT1188,3,2,2,4,3,3,4,3,2,2,2,1,2,2,3,3,3,2,2,3,4,1,2,3,3,1,2,3,1,2,7,4
STUDENT1189,2,1,1,2,3,2,2,1,1,4,1,1,2,4,3,2,1,3,1,2,2,1,2,1,3,3,1,3,1,1,6,3
STUDENT1190,2,1,4,2,4,1,1,2,1,2,5,3,2,3,3,5,3,2,2,1,4,2,3,3,2,2,5,2,2,4,4,4
STUDENT1191,3,2,1,1,3,4,2,2,2,1,1,2,3,2,2,1,1,3,2,2,2,2,4,3,3,2,1,3,1,2,4,3
STUDENT1192,5,2,1,3,1,2,4,2,1,1,3,1,2,3,5,1,3,1,4,4,2,2,5,2,2,3,2,1,1,4,1,2
STUDENT1193,2,1,2,5,2,2,1,2,2,2,4,1,5,1,2,3,1,2,3,2,1,2,5,1,5,3,1,3,2,2,1,3
STUDENT1194,3,2,4,3,1,1,5,3,1,3,2,2,2,2,1,1,2,3,4,3,2,4,2,3,2,3,3,1,4,1,9,4
STUDENT1195,5,2,2,2,1,3,4,3,2,2,3,3,4,3,2,2,2,4,2,2,3,1,1,1,2,3,2,2,3,2,7,2
STUDENT1196,2,4,1,5,2,1,2,3,1,1,4,2,3,3,4,3,2,5,2,2,2,3,4,3,2,3,4,2,2,2,3,3
STUDENT1197,2,2,5,2,4,3,1,2,2,1,1,2,1,4,3,5,2,5,2,4,4,3,1,2,4,1,2,2,1,2,8,3
STUDENT1198,2,2,1,2,2,2,2,3,4,3,1,2,3,2,2,1,1,2,3,1,2,3,3,3,2,3,3,2,1,4,3,4
STUDENT1199,3,2,2,2,2,1,1,2,1,2,2,2,4,5,3,4,2,2,3,2,1,1,2,4,4,2,2,1,2,1,4,3
STUDENT1200,4,2,3,2,1,1,1,2,2,2,4,3,3,1,1,3,3,1,2,4,2,3,3,3,2,2,3,2,2,2,4,3
STUDENT1201,1,2,4,4,1,2,1,2,2,2,2,3,2,3,3,1,2,3,1,2,3,2,4,2,1,4,1,1,4,3,7,2
STUDENT1202,3,5,2,2,1,5,3,2,1,2,2,4,1,3,3,1,2,2,1,1,1,1,5,4,3,5,3,1,3,3,5,3
STUDENT1203,3,1,3,1,4,1,4,2,2,2,4,2,3,2,1,2,3,4,3,3,2,2,1,2,2,1,1,3,4,4,8,3
STUDENT1204,2,4,1,2,3,3,2,4,3,2,1,1,3,3,2,1,3,4,3,3,2,3,4,1,2,2,3,2,3,4,9,4
STUDENT1205,3,2,4,1,4,2,3,2,1,1,2,4,2,2,2,1,1,2,3,1,1,2,2,2,3,3,2,3,1,2,5,2
STUDENT1206,1,3,3,4,3,1,2,2,4,4,2,2,2,1,3,4,2,4,4,2,3,3,5,2,4,3,2,1,3,2,4,5
STUDENT1207,2,5,2,2,1,2,4,4,2,2,3,2,3,1,4,1,1,2,2,2,2,2,3,1,2,1,1,4,2,2,9,2
STUDENT1208,1,2,2,1,3,3,1,3,1,2,3,4,2,4,1,1,3,4,4,2,3,1,3,4,3,4,3,1,1,3,6,3
STUDENT1209,2,2,2,2,2,1,1,1,1,3,2,2,4,4,2,2,1,5,1,1,1,2,5,1,1,3,2,2,1,2,8,3
STUDENT1210,2,2,2,2,4,3,1,3,1,2,2,3,4,2,3,4,4,2,3,3,1,4,3,3,1,3,4,3,2,1,3,4
STUDENT1211,2,3,5,2,2,4,1,3,2,1,1,2,2,5,3,2,1,3,2,1,2,2,2,4,4,3,1,4,1,3,4,3
STUDENT1212,4,3,3,5,3,3,2,1,3,2,2,1,1,1,3,2,2,3,1,2,1,3,4,1,4,3,2,2,1,1,1,2
STUDENT1213,1,3,2,3,2,2,1,3,5,3,3,2,4,3,2,1,4,4,2,2,1,2,3,2,2,2,2,2,3,3,2,2
STUDENT1214,2,1,2,2,4,1,2,3,2,2,5,3,1,4,2,1,1,1,2,4,3,4,2,1,1,2,3,3,2,3,7,3
STUDENT1215,2,2,2,4,2,4,2,2,1,2,1,2,2,1,2,2,2,2,4,2,2,4,2,1,3,3,2,3,2,4,9,3
STUDENT1216,2,2,5,4,3,2,4,1,1,2,2,2,3,2,1,3,1,3,1,2,2,1,2,1,1,4,3,4,2,2,9,3
STUDENT1217,3,4,2,1,2,3,1,2,2,2,2,1,1,2,3,5,3,3,3,3,2,3,2,3,2,2,2,3,2,3,4,4
STUDENT1218,1,3,1,1,4,2,1,2,2,4,2,1,4,1,1,3,3,1,2,3,1,2,3,4,4,2,3,1,2,2,5,2
STUDENT1219,3,4,2,2,1,2,2,3,4,2,5,3,3,3,1,3,3,3,4,1,2,1,1,3,1,4,4,2,1,2,3,2
STUDENT1220,2,3,1,2,3,2,1,3,2,2,3,3,1,4,3,3,2,2,3,2,1,1,2,4,2,1,4,1,4,2,2,4
STUDENT1221,4,4,4,4,1,5,2,4,2,3,2,3,3,5,2,3,1,1,2,1,5,1,2,2,2,2,2,1,3,3,6,2
STUDENT1222,1,4,2,2,3,1,2,1,1,3,3,2,2,1,2,4,3,1,2,4,4,3,2,2,4,4,3,2,2,1,7,2
STUDENT1223,3,2,1,3,4,1,1,2,3,3,1,2,1,2,3,4,1,3,3,2,2,2,2,5,2,2,4,2,3,2,7,3
STUDENT1224,2,1,1,1,2,2,3,2,3,4,1,4,2,2,3,1,3,1,1,2,2,2,1,2,1,2,1,3,3,4,6,2
STUDENT1225,1,4,3,4,2,4,1,2,1,1,2,1,2,5,1,3,1,2,1,3,2,2,1,4,3,3,1,3,3,2,5,2
STUDENT1226,3,3,2,2,5,2,4,2,4,4,2,2,4,2,4,2,2,3,2,4,3,2,1,1,3,2,1,3,1,3,4,4
STUDENT1227,2,1,2,4,2,4,2,3,1,4,2,2,2,3,2,3,3,1,4,1,1,4,2,2,2,1,3,2,2,3,9,3
STUDENT1228,3,2,1,1,1,2,3,3,4,2,1,2,2,2,2,1,2,3,1,3,2,2,2,2,1,1,5,2,1,2,1,2
STUDENT1229,3,2,3,4,3,2,4,3,5,4,1,2,5,1,1,2,4,2,4,2,3,2,3,4,3,3,1,4,1,1,3,3
STUDENT1230,4,2,2,2,3,2,4,2,2,1,1,1,2,3,3,3,1,1,1,4,2,4,2,1,2,3,2,1,3,1,9,4
STUDENT1231,3,1,2,2,2,1,3,1,1,4,3,1,5,3,4,2,2,1,2,2,1,1,3,5,2,2,4,2,3,5,6,2
STUDENT1232,3,1,2,3,4,3,3,1,1,3,2,1,2,2,1,3,2,3,3,3,2,3,4,2,4,2,4,2,2,4,4,3
STUDENT1233,1,2,4,3,1,1,2,2,5,5,2,1,2,2,5,3,5,2,1,2,3,1,1,4,4,4,2,4,2,1,1,4
STUDENT1234,1,4,1,2,2,5,3,2,2,1,1,4,3,1,2,3,2,2,2,2,2,3,3,2,4,3,1,2,1,3,1,3
STUDENT1235,3,2,2,3,4,1,5,2,2,1,4,4,1,2,1,2,1,2,5,5,4,2,4,2,1,2,3,1,3,4,7,4
STUDENT1236,4,4,4,2,3,3,2,4,2,4,1,2,1,2,3,4,2,4,1,3,1,3,2,2,2,4,2,2,1,2,5,3
STUDENT1237,1,2,4,1,4,2,1,1,1,2,3,1,4,3,4,3,2,2,3,3,5,1,3,2,2,1,2,1,1,1,7,2
STUDENT1238,3,2,2,3,1,2,2,2,1,2,4,4,3,4,2,3,3,2,3,3,3,1,3,2,2,2,1,1,4,2,9,4
STUDENT1239,5,1,3,2,2,3,1,5,2,3,3,4,2,3,2,2,4,1,2,3,5,1,1,2,2,2,5,4,2,5,1,4
STUDENT1240,2,2,1,2,2,2,2,2,1,2,1,1,4,4,1,1,2,1,3,2,4,3,2,3,1,2,4,2,3,2,3,3
STUDENT1241,4,4,2,3,2,2,1,4,3,2,4,1,2,3,3,2,3,2,4,3,1,1,1,1,1,4,2,2,1,2,9,2
STUDENT1242,1,2,5,1,1,1,2,4,3,1,2,1,4,1,2,1,5,3,2,4,1,4,1,1,2,2,4,4,1,3,2,3
STUDENT1243,2,1,3,4,1,1,1,2,1,3,3,3,3,3,4,2,1,1,4,2,2,2,4,5,1,2,2,2,1,4,3,4
STUDENT1244,3,3,1,2,4,1,4,1,5,3,2,3,1,2,3,3,1,2,1,4,3,2,1,2,1,2,2,1,2,3,7,3
STUDENT1245,2,1,1,3,1,2,2,2,1,2,1,1,1,1,2,3,2,3,2,2,2,5,2,3,4,1,4,1,2,2,1,2
STUDENT1246,2,5,3,1,2,3,1,5,1,1,2,3,2,2,4,1,2,1,4,3,1,2,3,2,2,4,3,1,4,1,9,4
STUDENT1247,1,3,4,2,1,2,3,1,1,1,3,3,2,2,3,4,2,2,1,3,2,4,2,2,2,1,2,2,1,4,6,2
STUDENT1248,4,2,2,4,2,4,2,2,2,4,3,2,1,2,2,4,2,2,4,2,2,1,3,2,2,1,1,2,3,2,2,2
STUDENT1249,2,1,3,3,3,2,3,4,2,2,3,2,3,1,3,2,2,1,2,4,2,3,4,3,3,2,2,1,2,3,3,4
STUDENT1250,2,2,3,1,2,2,1,1,1,1,4,1,3,2,2,3,1,2,3,4,2,3,2,3,3,1,1,4,2,4,5,4
STUDENT1251,2,4,3,2,2,3,1,1,2,2,1,2,2,2,1,2,2,2,4,2,3,2,3,2,1,1,4,2,3,2,1,2
STUDENT1252,2,3,1,1,5,1,2,3,2,2,1,1,4,1,3,2,2,1,2,2,2,1,3,2,1,2,1,2,1,2,1,1
STUDENT1253,3,2,1,2,2,3,2,1,4,4,1,1,3,2,2,2,1,2,2,3,3,3,2,2,2,5,2,1,2,4,4,3
STUDENT1254,4,2,2,2,1,1,3,1,1,3,1,1,4,5,2,2,2,1,2,1,3,1,2,1,1,3,2,2,1,3,3,3
STUDENT1255,1,2,4,5,4,2,1,3,3,1,1,1,2,1,2,2,2,3,4,2,1,3,1,3,2,1,2,2,4,4,5,2
STUDENT1256,2,3,1,1,2,1,2,2,1,3,3,3,2,5,4,2,2,3,4,3,2,4,1,2,1,5,2,1,4,2,9,2
STUDENT1257,2,3,2,1,1,3,2,2,3,2,5,4,2,2,3,4,3,4,2,2,1,1,2,2,3,3,1,2,2,2,9,3
STUDENT1258,2,3,2,2,4,2,2,3,3,3,3,1,3,3,4,1,1,3,3,2,4,3,4,2,1,3,2,2,4,2,3,3
STUDENT1259,1,4,3,1,2,4,2,3,2,2,2,2,3,4,1,2,2,2,1,1,2,3,3,2,3,3,2,3,2,2,6,4
STUDENT1260,1,2,3,4,3,4,5,4,2,2,2,2,2,2,2,3,4,2,1,3,3,1,2,2,2,1,3,4,4,4,3,5
STUDENT1261,1,1,3,2,3,1,2,1,4,3,3,2,1,3,1,4,4,1,1,2,1,3,3,2,2,3,3,4,1,3,1,4
STUDENT1262,4,2,5,4,2,4,3,2,2,2,2,2,3,3,1,2,4,2,2,2,2,2,2,4,3,2,1,4,4,1,9,3
STUDENT1263,1,4,2,2,3,3,1,5,2,5,2,3,2,2,1,3,1,1,2,2,1,4,2,3,2,4,3,2,2,1,6,2
STUDENT1264,3,2,3,1,1,2,3,4,1,4,1,3,3,2,2,2,1,1,2,2,1,3,2,2,1,1,3,2,3,3,7,4
STUDENT1265,1,2,4,3,3,2,2,3,5,2,1,2,1,3,2,4,2,3,3,2,2,4,1,4,2,1,4,2,3,2,3,3
STUDENT1266,1,3,2,5,1,2,2,3,5,1,2,4,2,2,2,2,2,1,5,3,2,2,1,2,5,2,3,2,2,2,7,3
STUDENT1267,3,2,2,2,2,3,3,4,1,3,1,2,3,1,3,3,5,2,2,2,3,1,2,1,2,2,4,4,2,2,5,3
STUDENT1268,1,2,4,1,5,2,1,2,2,1,1,2,2,2,2,3,1,4,1,4,3,3,3,2,3,3,2,1,1,3,2,3
STUDENT1269,1,4,1,2,3,3,3,1,1,1,2,2,1,3,3,5,3,1,2,5,4,3,1,1,2,1,3,2,2,2,3,4
STUDENT1270,2,3,1,2,1,1,2,3,3,3,3,2,2,2,2,2,3,2,2,4,2,2,2,1,3,3,3,1,2,2,8,2
STUDENT1271,2,1,1,1,2,2,2,2,3,2,2,2,4,1,1,1,2,2,3,2,3,3,1,3,1,2,3,1,1,2,3,3
STUDENT1272,1,2,2,4,2,2,2,2,2,2,4,1,2,2,2,1,5,2,3,1,3,2,1,3,3,2,4,2,2,2,7,3
STUDENT1273,2,2,3,2,2,1,4,2,2,2,1,4,3,2,3,3,3,1,2,4,2,2,2,1,1,1,2,2,2,2,3,3
STUDENT1274,2,3,2,2,3,2,3,2,2,1,2,2,2,1,4,2,2,5,5,1,2,1,2,3,3,3,1,2,1,3,1,2
STUDENT1275,4,2,2,3,1,1,3,1,5,4,2,2,2,3,3,2,3,3,1,1,2,2,2,3,3,2,3,2,4,2,8,2
